URN,School name,Postcode
103157,Shaw Hill Primary School,B8 3AN
103159,Adderley Primary School,B8 1DZ
103162,Barford Primary School,B16 0EF
103163,Beeches Junior School,B42 2PY
103164,Beeches Infant School,B42 2PY
103172,Bordesley Green Primary School,B9 5XX
103178,Cherry Orchard Primary School,B20 2LB
103188,Colmore Junior School,B14 6AJ
103189,Colmore Infant and Nursery School,B14 6AJ
103190,Cotteridge Primary School,B30 2HT
103192,Anderton Park Primary School,B12 8BL
103193,Regents Park Community Primary School,B10 0NJ
103196,Summerfield Junior and Infant School,B18 4AH
103200,George Dixon Primary School,B17 8LE
103201,Gilbertstone Primary School,B26 1EH
103205,Grendon Primary School,B14 4RB
103208,Gunter Primary School,B24 0RU
103209,Hall Green Junior School,B28 9AJ
103210,Hall Green Infant School,B28 0AR
103213,Story Wood School,B23 5AJ
103214,Hawthorn Primary School,B44 8QR
103217,Ward End Primary School,B8 2RA
103221,Kingsland Primary School (NC),B44 9NA
103223,Lakey Lane Junior and Infant School,B28 8RY
103227,Lozells Junior and Infant School and Nursery,B19 2EP
103228,Lyndon Green Junior School,B26 1LU
103229,Lyndon Green Infant School,B26 1LZ
103233,Marsh Hill Primary School,B23 7HY
103237,Nelson Junior and Infant School,B1 2PJ
103240,Paget Primary School,B24 0JP
103241,Park Hill Primary School,B13 8BB
103243,Allens Croft Primary School,B14 6RP
103246,Raddlebarn Primary School,B29 7TD
103247,Redhill Primary School,B25 8HQ
103248,Rednal Hill Junior School,B45 8QY
103249,Rednal Hill Infant School,B45 8QY
103252,Severne Junior Infant and Nursery School,B27 7HR
103255,Sladefield Infant School,B8 2TJ
103256,Somerville Primary (NC) School,B10 9EN
103257,Stanville Primary School,B26 3YN
103261,St Benedict's Primary School,B10 9DP
103262,Stechford Primary School,B33 8SJ
103263,Colebourne Primary School,B34 6BJ
103265,Ladypool Primary School,B11 1QT
103266,Sundridge Primary School,B44 9NY
103267,Court Farm Primary School,B23 5NS
103268,Thornton Primary School,B8 2LQ
103279,World's End Junior School,B32 2SA
103281,Yardley Wood Community Primary School,B14 4ER
103284,Yorkmead Junior and Infant School,B28 8BB
103286,Broadmeadow Junior School,B30 3QJ
103288,Broadmeadow Infant School,B30 3QJ
103289,Bellfield Infant School (NC),B31 1PT
103291,Bellfield Junior School,B31 1PT
103295,Welsh House Farm Community School and Special Needs Resources Base,B32 2NG
103296,The Meadows Primary School,B31 2SW
103298,Chilcote Primary School,B28 0PB
103300,Blakesley Hall Primary School,B33 8TH
103310,Woodgate Primary School,B32 3PN
103313,Deykin Avenue Junior and Infant School,B6 7BU
103314,Hollywood Primary School,B14 4TG
103315,Cofton Primary School,B31 4ST
103317,William Murdoch Primary School,B21 9NT
103318,Featherstone Primary School,B23 6PR
103320,Glenmead Primary School,B44 8UQ
103324,Arden Primary School,B11 4SF
103326,Water Mill Primary School,B29 6TS
103328,Welford Primary School,B20 2BL
103332,Chad Vale Primary School,B15 3JU
103334,Woodthorpe Junior and Infant School,B14 6ET
103337,World's End Infant and Nursery School,B32 2SA
103339,Kitwell Primary School,B32 4DL
103341,Boldmere Junior School,B73 5SD
103342,Boldmere Infant School and Nursery,B73 5SD
103345,Minworth Junior and Infant School,B76 9BU
103349,Wylde Green Primary School,B73 5JL
103351,Moor Hall Primary School,B75 6RE
103353,Maney Hill Primary School,B72 1JU
103356,Penns Primary School,B72 1BS
103362,Benson Community School,B18 5TD
103368,Kingsthorne Primary School,B44 0BX
103372,Woodcock Hill Primary School,B31 1BS
103381,Elms Farm Community Primary School,B33 0PJ
103383,Bells Farm Primary School,B14 5QP
103384,Nelson Mandela School,B12 8EH
103388,Little Sutton Primary School,B75 5NL
103390,Coppice Primary School,B75 6TJ
103391,Calshot Primary School,B42 2BY
103392,Grove School,B21 9HB
103395,New Hall Primary School,B75 7NQ
103397,Christ Church CofE Controlled Primary School and Nursery,B11 1LF
103398,Moseley Church of England Primary School,B13 9EH
103401,"St James Church of England Primary School, Handsworth",B21 8NH
103404,St Matthew's CofE Primary School,B7 4JR
103406,St Saviour's C of E Primary School,B8 1JB
103410,St Mary's Church of England Primary School,B29 6NU
103416,St Laurence Church Junior School,B31 2DJ
103417,St Vincent's Catholic Primary School,B7 4HP
103421,Holy Family Catholic Primary School,B10 0HT
103423,Christ The King Catholic Primary School,B44 0QN
103424,Corpus Christi Catholic Primary School,B33 8BL
103425,English Martyrs' Catholic Primary School,B11 3JW
103426,Maryvale Catholic Primary School,B44 9AG
103427,The Oratory Roman Catholic Primary School,B16 9ER
103430,Our Lady of Lourdes Catholic Primary School,B13 0EU
103431,St Augustine's Catholic Primary School,B21 8ED
103433,St Catherine of Siena Catholic Primary School,B15 2AY
103434,St Anne's Catholic Primary School,B12 0ER
103437,St Francis Catholic Primary School,B19 1PH
103438,St Mary's Catholic Primary School,B17 0DN
103439,St Patrick's Catholic Primary School,B18 7QW
103440,St Edmund's Catholic Primary School,B18 7PA
103443,Our Lady and St Rose of Lima Catholic Primary School,B29 5DY
103444,King David Primary School,B13 8EY
103445,Bournville Village Primary,B30 1JY
103447,St Edward's Catholic Primary School,B29 7PN
103453,St Margaret Mary RC Junior and Infant School,B23 7AB
103455,St Dunstan's Catholic Primary School,B14 7LP
103456,St Teresa's Catholic Primary School,B20 2NY
103458,St Gerard's RC Junior and Infant School,B35 6LB
103459,St Laurence Church Infant School,B31 2DJ
103460,St Bernadette's Catholic Primary School,B25 8QL
103462,St Bernard's Catholic Primary School,B13 9QE
103463,St Jude's Catholic Primary School,B14 5PD
103465,St Ambrose Barlow Catholic Primary School,B28 9JJ
103466,St Alban's Catholic Primary School,B14 5AL
103467,St Martin de Porres Catholic Primary School,B13 9DN
103469,St Peter's Catholic Primary School,B32 3QD
103470,St Cuthbert's RC Junior and Infant (NC) School,B8 2PS
103476,St Clare's Catholic Primary School,B20 3RT
103478,St John and Monica Catholic Primary School,B13 8DW
103479,Holly Hill Methodist CofE Infant School,B45 0EU
103483,Hodge Hill Girls' School,B36 8EY
103486,Kings Heath Boys,B13 0QP
103493,Bordesley Green Girls' School & Sixth Form,B9 4TR
103497,Queensbridge School,B13 8QB
103498,Selly Park  Girls' School,B29 7PH
103501,Wheelers Lane Technology College,B13 0SF
103503,Hodge Hill College,B36 8HB
103509,Holte School,B19 2EP
103514,Swanshurst School,B13 0TW
103519,Moseley School and Sixth Form,B13 9UU
103531,St Paul's School for Girls,B16 9SL
103534,St John Wall Catholic School,B21 8HH
103539,Cardinal Wiseman Catholic School,B44 9SR
103543,Walmley Junior School,B76 1JB
103544,Walmley Infant School,B76 1JB
103560,Bishop Challoner Catholic College,B14 7EG
103562,King's Norton Boys' School,B30 1DY
103563,Colmers School and Sixth Form College,B45 9NY
103639,Hollyfast Primary School,CV6 2AH
103641,Earlsdon Primary School,CV5 6FZ
103642,Edgewick Community Primary School,CV6 5GP
103643,Gosford Park Primary School,CV1 2SF
103647,Little Heath Primary School,CV6 7FN
103648,Longford Park Primary School,CV6 7AT
103652,St Christopher Primary School,CV5 9JG
103655,Whitley Abbey Primary School,CV3 4DE
103656,Allesley Hall Primary School,CV5 9NG
103658,Ernesford Grange Primary School,CV3 2HN
103659,Potters Green Primary School,CV2 2GF
103662,Allesley Primary School,CV5 9FY
103663,Grangehurst Primary School,CV6 6JN
103664,Grange Farm Primary School,CV3 6NF
103665,Eastern Green Junior School,CV5 7EG
103666,Park Hill Primary School,CV5 7LR
103667,Cannon Park Primary School,CV4 7PS
103671,Sowe Valley Primary School,CV3 2QX
103672,Broad Heath Community Primary School,CV6 5DP
103673,Joseph Cash Primary School,CV6 3FS
103674,Whoberley Hall Primary School,CV5 8AJ
103676,Holbrook Primary School,CV6 6FR
103679,Stoke Primary School,CV2 4LF
103680,Coundon Primary School,CV6 1FQ
103681,Aldermoor Farm Primary School,CV3 1DP
103682,Ravensdale Primary School,CV2 5GQ
103684,Stoke Heath Primary School,CV2 4PR
103685,Whitmore Park Primary School,CV6 2HG
103686,Stivichall Primary School,CV3 6PY
103690,John Gulson Primary School,CV1 4HB
103691,Manor Park Primary School,CV3 5EZ
103692,Templars Primary School,CV4 9DA
103695,Frederick Bird Primary School,CV2 4QQ
103696,Wyken Croft Primary School,CV2 3AA
103697,Moseley Primary School,CV6 1AB
103698,John Shelton Community Primary School,CV6 4JP
103702,All Saints Church of England Primary School,CV1 2AF
103703,St Andrew's Church of England Infant School,CV5 7BX
103711,St Osburg's Catholic Primary School,CV1 4AP
103712,Our Lady of the Assumption Catholic Primary School,CV4 9LB
103719,St Anne's Catholic Primary School,CV3 3AD
103724,All Souls' Catholic Primary School,CV5 8ED
103726,Holy Family Catholic Primary School,CV6 2GU
103776,Brierley Hill Primary School,DY5 2TD
103777,Brockmoor Primary School,DY5 3UZ
103778,Brook Primary School,DY8 5YN
103779,Maidensbridge Primary School,DY6 0HX
103780,Mount Pleasant Primary School,DY5 2YN
103781,Dawley Brook Primary School,DY6 9BP
103784,Red Hall Primary School,DY3 2PA
103786,Fairhaven Primary School,DY8 5PY
103787,Thorns Primary School,DY5 2JY
103790,Crestwood Park Primary School,DY6 8RP
103791,Peters Hill Primary School,DY5 2QH
103792,Blanford Mere Primary School,DY6 7EA
103799,Greenfield Primary School,DY8 1AL
103800,Wollescote Primary School,DY9 8YA
103801,Caslon Primary Community  School,B63 2ES
103802,Huntingtree Primary School,B63 4HY
103805,The Ridge Primary School,DY8 3NF
103806,Amblecote Primary School,DY8 4DQ
103807,Hurst Green Primary School,B62 9NZ
103809,Withymoor Primary School,DY5 2BH
103810,Cotwall End Primary School,DY3 3YG
103813,Russells Hall Primary School,DY1 2NX
103814,Howley Grange Primary School,B62 0HS
103815,Newfield Park Primary School,B63 3TP
103818,Ashwood Park Primary School,DY8 5DJ
103819,Bromley Hills Primary School,DY6 8LW
103820,Hawbush Primary School,DY5 3NH
103821,Roberts Primary School,DY3 2AZ
103822,Gig Mill Primary School,DY8 3HL
103823,Wrens Nest Primary School,DY1 3NX
103827,Straits Primary School,DY3 3EE
103828,Belle Vue Primary School,DY8 5BZ
103829,Dingle Community Primary School,DY6 8PF
103830,Quarry Bank Primary School,DY5 2AD
103832,Glynne Primary School,DY6 9TH
103834,Milking Bank Primary School,DY1 2SL
103836,St Mark's CofE Primary School,DY5 4DZ
103839,Oldswinford C of E Primary School,DY8 2JQ
103840,St Margaret's At Hasbury CofE Primary School,B63 4QD
103845,Jesson's CofE Primary School (VA),DY1 2AQ
103846,Cradley CofE Primary School,B63 2UL
103847,Halesowen CofE Primary School,B63 3BB
103850,Our Lady and St Kenelm RC School,B63 4AR
103851,St James's CofE Primary School,DY8 4RU
103854,Summerhill School,DY6 9XE
103855,The Dormston School,DY3 1SN
103858,The Wordsley School,DY8 5SP
103869,Alder Coppice Primary School,DY3 3PS
103870,Old Swinford Hospital,DY8 1QX
103895,Hamstead Junior School,B43 5BE
103896,Hamstead Infant School,B43 5AS
103905,Hargate Primary School,B71 1PG
103906,Albert Pritchard Infant School,WS10 9QG
103908,Moorlands Primary School,B71 2NZ
103909,Old Park Primary School,WS10 9LX
103910,Park Hill Primary School,WS10 0TJ
103913,Wood Green Junior School,WS10 9BW
103914,Burnt Tree Primary School,B69 2LN
103915,Great Bridge Primary School,DY4 7DE
103919,Ocker Hill Infant School,DY4 0DS
103922,Whitecrest Primary School,B43 6HQ
103923,Eaton Valley Primary School,B71 4BU
103925,Glebefields Primary School,DY4 0SX
103929,Abbey Junior School,B67 5LT
103930,Abbey Infant School,B67 5LR
103932,Annie Lennard Primary School,B67 6LE
103933,Bearwood Primary School,B66 4HB
103934,Bleakhouse Primary School,B68 9DS
103936,Brickhouse Primary School,B65 8HS
103937,Cape Primary School,B66 4SH
103941,Crocketts Community Primary School,B67 7DW
103945,Grace Mary Primary School,B69 1LD
103946,Highfields Primary School,B65 0DA
103949,Moat Farm Infant School,B68 9QR
103950,Oakham Primary School,B69 1SG
103952,Old Hill Primary School,B64 6DR
103953,Perryfields Primary School,B68 0QY
103954,Reddal Hill Primary School,B64 6HT
103955,Rowley Hall Primary School,B65 9HU
103957,Temple Meadow Primary School,B64 6RH
103960,Tividale Hall Primary School,B69 1TR
103968,Lyng Primary School,B70 7SQ
103969,Lodge Primary School,B70 8PN
103970,Joseph Turner Primary School,DY4 0RN
103972,Grove Vale Primary School,B43 6AL
103974,Yew Tree Primary School,WS5 4DX
103976,Brandhall Primary School,B68 0SH
103977,Hall Green Primary School,B71 2JQ
103978,Langley Primary School,B69 4QB
103979,Ryders Green Primary School,B70 9UJ
103981,Blackheath Primary School,B65 9NF
103982,Ferndale Primary School,B43 5QF
103983,Causeway Green Primary School,B68 8LX
103984,Rood End Primary School,B68 8SQ
103986,Holy Trinity CofE Primary School,B70 6NF
103987,St Martin's CofE Primary School,DY4 7PG
103989,St Mary Magdalene CofE Voluntary Controlled Primary School,B71 1RP
103990,All Saints CofE Primary School,B71 1QN
103995,St Margaret's CofE Primary School,B43 7AP
103996,Holy Name Catholic Primary School,B43 6LN
103997,Christ Church CofE Primary School,B69 4DE
104000,St Matthew's CofE Primary School,B66 3LX
104018,Holly Lodge High School College of Science,B67 7JG
104019,St Michael's Church of England High School,B65 9AN
104039,Blossomfield Infant and Nursery School,B90 3QX
104040,Burman Infant School,B90 2JW
104041,Coppice Junior School,B92 9JY
104042,Cranmore Infant School,B90 4SA
104045,Dorridge Primary School,B93 8EU
104046,Haslucks Green School,B90 2EJ
104048,Kineton Green Primary School,B92 7EB
104049,Sharmans Cross Junior School,B91 1PH
104050,Shirley Heath Junior School,B90 3DS
104052,Valley Primary,B92 8LW
104053,Woodlands Infant School,B90 2PX
104054,Widney Junior School,B91 3LQ
104056,Oak Cottage Primary School,B91 1DY
104057,Mill Lodge Primary School,B90 1BT
104060,Marston Green Junior School,B37 7BA
104065,Tidbury Green School,B90 1QW
104070,Coleshill Heath School,B37 7PY
104074,Cheswick Green Primary School,B90 4HG
104075,Peterbrook Primary School,B90 1HR
104076,Olton Primary School,B92 7QF
104077,Yorkswood Primary School,B37 6DF
104079,Greswold Primary School,B91 2AZ
104080,Langley Primary School,B92 7DJ
104084,Monkspath Junior and Infant School,B90 4EH
104087,Meriden Church of England Primary School,CV7 7LW
104090,St Alphege Church of England Infant and Nursery School,B91 3DW
104092,St Alphege Church of England Junior School,B91 3JG
104093,Berkswell Church of England Voluntary Aided Primary School,CV7 7BJ
104094,George Fentham Endowed School,B92 0AY
104097,St Mary and St Margaret's Church of England Aided Primary School,B36 9AX
104105,Bishop Wilson Church of England Primary School,B37 7TR
104142,Alumwell Junior School,WS2 9UP
104143,Alumwell Infant School,WS2 9UP
104144,Blakenall Heath Junior School,WS3 3JF
104145,Sunshine Infant and Nursery School,WS3 1HF
104147,Butts Primary School,WS4 2AH
104150,Delves Infant School,WS5 4PU
104153,Elmore Green Primary School,WS3 2HW
104157,Leamore Primary School,WS3 2BB
104160,Palfrey Junior School,WS1 4AH
104161,Palfrey Infant School,WS1 4HY
104162,Whitehall Junior Community School,WS1 3JY
104163,Whitehall Nursery and Infant School,WS1 3HS
104168,Abbey Primary School,WS3 2RP
104169,Lower Farm Primary School,WS3 3QH
104170,Delves Junior School,WS5 4PU
104174,Bentley West Primary School Additionally Resourced for Hearing Impaired,WS2 0EQ
104175,King Charles Primary School,WS2 0JN
104176,Pinfold Street Primary School,WS10 8PU
104178,Salisbury Primary School,WS10 8BQ
104179,Kings Hill Primary School,WS10 9JG
104187,New Invention Infant School,WV12 5SA
104188,Short Heath Junior School,WV12 4DS
104189,County Bridge Primary School,WS2 0DH
104191,Pool Hayes Primary School,WV12 4RX
104192,New Invention Junior School,WV12 5SA
104196,Rushall Primary School,WS4 1NQ
104198,Whetstone Field Primary School,WS9 0HJ
104201,Walsall Wood School,WS8 7BP
104202,Watling Street Primary School,WS8 7LW
104203,Millfield Primary School,WS8 6BN
104204,Castlefort Junior Mixed and Infant School,WS9 9JP
104207,Radleys Primary School,WS4 1JJ
104210,Manor Primary School,B74 3HX
104212,Lindens Primary School,B74 2BB
104214,Pelsall Village School,WS3 4NJ
104217,Meadow View JMI School,B43 7UJ
104220,Christ Church CofE Primary School,WS3 1EN
104222,Little Bloxwich CofE VC Primary School,WS3 3DL
104223,Holy Trinity Church of England Primary School,WS8 7EG
104224,Old Church Church of England C Primary School,WS10 8DL
104225,Rosedale Church of England C Infant School,WV12 4EG
104226,St Giles Church of England Primary School,WV13 2ER
104227,St Michael's Church of England C Primary School,WS3 4JJ
104228,St John's Church of England Primary School,WS9 9NA
104230,Blue Coat Church of England Aided Junior School,WS1 2LP
104231,Blue Coat Church of England Aided Infant School,WS1 3AF
104232,St Mary's The Mount Catholic Primary School,WS1 3AY
104233,"St Patrick's Catholic Primary School, Walsall",WS2 8HN
104234,"St Peter's Catholic Primary School, Bloxwich",WS3 3LY
104235,"St Joseph's Catholic Primary School, Darlaston",WS10 8HN
104236,St Thomas of Canterbury Catholic Primary School,WS3 1SP
104239,St Francis Catholic Primary School,WS4 1RH
104240,St Mary of the Angels Catholic Primary School,WS9 0HA
104241,"St Anne's Catholic Primary School, Streetly",B74 3PL
104255,St Francis of Assisi Catholic College,WS9 0RN
104259,"St Thomas More Catholic School, Willenhall",WV14 7BL
104290,Bushbury Hill Primary School,WV10 8BY
104294,Fallings Park Primary School,WV10 8BN
104297,Whitgreave Primary School,WV10 9JP
104302,Graiseley Primary School,WV2 4NE
104303,Springdale Primary  School,WV4 4NJ
104304,Rakegate Primary School,WV10 6US
104310,Claregate Primary School,WV6 9JU
104311,Castlecroft Primary School,WV3 8HS
104312,Westacre Infant School,WV3 9EP
104315,Loxdale Primary School,WV14 0AU
104317,Stowlawn Primary School,WV14 6EH
104320,Long Knowle Primary School,WV11 1EB
104322,Wood End Primary School,WV11 1YQ
104323,Stow Heath Primary School,WV13 3TT
104325,Wilkinson Primary School,WV14 8UR
104327,Lanesfield Primary School,WV4 6BZ
104330,Spring Vale Primary School,WV4 6SD
104332,Uplands Junior School,WV3 8BA
104334,Merridale Primary School,WV3 0UP
104342,Eastfield Primary School,WV1 2QY
104344,Warstones Primary School,WV4 4LU
104345,Wodensfield Primary School,WV11 1PW
104350,Dovecotes Primary School,WV8 1TX
104362,Christ Church (Church of England) Infant and Nursery School,WV6 8EL
104366,Christ Church (Church of England) Junior School,WV6 8LG
104372,St Luke's Church of England Aided Primary School,WV2 3AE
104378,Holy Trinity Catholic Primary School,WV14 7PD
104382,St Paul's Church of England Aided Primary School,WV9 5NR
104384,St Michael's Church of England Aided Primary School,WV6 9AF
104387,St Matthias School,WV1 2BH
104395,Colton Hills Community School,WV4 5DG
104939,Short Wood Primary School,TF1 2JA
116645,Almeley Primary School,HR3 6LH
116646,Crown Meadow First School & Nursery,B48 7TA
116650,Ashton-under-Hill First School,WR11 7SW
116652,Beoley First School,B98 9AN
116656,Broadway First School,WR12 7BD
116658,Catshill First School,B61 0JP
116659,Charford First School,B60 3NH
116660,Finstall First School,B60 2HS
116661,Lickey End First School,B60 1JG
116662,Meadows First School,B61 0AH
116663,Millfields First School,B61 7BS
116665,Blackwell First School,B60 1BN
116668,Clifford Primary School,HR3 5HA
116669,Clifton upon Teme Primary School,WR6 6DE
116670,Dodford First School,B61 9AW
116671,Westlands First School,WR9 9EQ
116672,Chawson First School,WR9 8BW
116673,Swan Lane First School,WR11 4QA
116674,Ewyas Harold Primary School,HR2 0EY
116675,Fairfield First School,B61 9LZ
116676,Flyford Flavell Primary School,WR7 4BS
116677,Garway Primary School,HR2 8RQ
116678,Hagley Primary School,DY9 0NS
116679,Broadlands Primary School,HR1 1HY
116680,Hampton Dene Primary School,HR1 1RT
116684,Marlbrook Primary School,HR2 7NT
116685,St Martin's Primary School,HR2 6AF
116686,Trinity Primary School,HR4 0NU
116701,Kington Primary School,HR5 3AL
116702,Ledbury Primary School,HR8 2BE
116705,Longtown Community Primary School,HR2 0LE
116707,Luston Primary School,HR6 0EA
116708,Madley Primary School,HR2 9PH
116714,Michaelchurch Escley Primary School,HR2 0PT
116715,Pebworth First School,CV37 8XA
116716,Abbey Park First and Nursery School,WR10 1DF
116718,Peterchurch Primary School,HR2 0RP
116721,Batchley First and Nursery School,B97 6PD
116729,Tenacres First School,B98 0PB
116730,Woodrow First School,B98 7UZ
116731,Ashfield Park Primary School,HR9 5AU
116734,Shobdon Primary School,HR6 9LX
116735,Stoke Prior First School,B60 4ND
116736,Stoke Prior Primary School,HR6 0ND
116743,Walford Nursery & Primary School,HR9 5SA
116745,Wellington Primary School and Nursery,HR4 8AZ
116746,Weobley Primary School,HR4 8ST
116748,Withington Primary School,HR1 3QE
116763,Meadow Green Primary School,B47 6EQ
116765,Moons Moat First School,B98 9HR
116768,Beaconside Primary and Nursery School,B45 9DX
116769,Pitmaston Primary School,WR2 4ZF
116773,Lickey Hills Primary School and Nursery,B45 8EU
116774,Abbey Park Middle School,WR10 1DF
116778,Westacre Middle School,WR9 0AA
116780,Abberley Parochial VC Primary School,WR6 6AA
116781,Bayton CofE Primary School,DY14 9LG
116782,Belbroughton CofE Primary School,DY9 9TF
116784,Blakedown CofE Primary School,DY10 3JN
116785,Bosbury CofE Primary School,HR8 1PX
116792,Church Lench CofE First School,WR11 4UE
116793,Claines CofE Primary School,WR3 7RW
116794,Cleeve Prior CofE (Controlled) Primary School,WR11 8LG
116795,Clehonger CofE Primary School,HR2 9SN
116796,Clent Parochial Primary School,DY9 9QP
116797,Colwall CofE Primary School and Nursery,WR13 6EQ
116799,St Mary's CofE Primary School,HR4 7DW
116800,Cropthorne-with-Charlton CofE First School,WR10 3NB
116802,Defford-Cum-Besford CofE School,WR8 9BH
116804,Eardisley CofE Primary School,HR3 6NS
116806,Eckington CofE First School,WR10 3AU
116807,Eldersfield Lawn CofE Primary School,GL19 4LZ
116808,Elmley Castle CofE First School,WR10 3HS
116810,St Richard's CofE First School,WR11 1DU
116811,St Andrew's CofE School and Nursery,WR11 2QN
116813,Goodrich CofE Primary School,HR9 6HY
116814,Gorsley Goffs Primary School,HR9 7SE
116815,Grimley and Holt CofE Primary School,WR2 6LU
116816,Hanbury CofE First School,B60 4BS
116819,Harvington CofE First School,WR11 8NQ
116821,Himbleton CofE Primary School and Nursery,WR9 7LE
116822,Hindlip CofE First School,WR3 8RJ
116828,Little Dewchurch CofE Primary School,HR2 6PN
116830,Malvern Wyche CofE Primary School,WR14 4ET
116833,Much Birch CofE Primary School,HR2 8HL
116836,Orleton CofE Primary School,SY8 4HQ
116837,Overbury CofE First School,GL20 7NT
116838,Pendock CofE Primary School,GL19 3PW
116844,St Luke's CofE First School,B97 4NU
116846,Romsley St Kenelm's CofE Primary School,B62 0LF
116848,Sedgeberrow CofE First School,WR11 7UF
116851,Tibberton CofE First School,WR9 7NL
116853,Upton-Upon-Severn CofE Primary and Pre School,WR8 0LD
116854,Upton Snodsbury CofE First School,WR7 4NH
116856,Whittington CofE Primary School,WR5 2QZ
116858,St Barnabas CofE Primary School,WR3 8NZ
116859,Red Hill CofE Primary School,WR5 2HX
116864,Astley CofE Primary School,DY13 0RH
116865,St Andrew's CofE First School,B45 8NG
116867,Brampton Abbotts CofE Primary School,HR9 7FX
116868,Bredon Hancock's Endowed CofE First School,GL20 7LA
116869,Bridstow CofE Primary School,HR9 6PZ
116870,Broadwas CofE Aided Primary School,WR6 5NE
116874,Cradley CofE Primary School,WR13 5NG
116876,St Joseph's Catholic Primary School,WR9 0RY
116879,Fladbury CofE First School,WR10 2QB
116880,St Mary's CofE Primary School,HR1 4PG
116882,Hallow CofE Primary School,WR2 6LD
116883,Our Lady's RC Primary School,HR2 7RN
116884,St Francis Xavier's Primary School,HR1 1DT
116885,St James' CofE Primary School,HR1 2QN
116890,Kimbolton St James CofE Primary School,HR6 0HQ
116891,Kingsland CofE School,HR6 9QN
116892,Lea CofE Primary School,HR9 7JY
116893,Leintwardine Endowed CE Primary School,SY7 0LL
116894,Ivington CofE Primary and Pre-School,HR6 0JH
116895,Lindridge St Lawrence CE Primary School,WR15 8JQ
116901,St Joseph's Catholic Primary School,WR14 1PF
116902,Malvern Wells CofE Primary School,WR14 4HF
116903,St James' CofE Primary School,WR14 4BB
116904,Much Marcle CofE Primary School,HR8 2LY
116905,Ombersley Endowed First School,WR9 0DR
116906,Pembridge CofE Primary School,HR6 9EA
116907,Pencombe CofE Primary School,HR7 4SH
116908,Holy Redeemer Catholic Primary School,WR10 1EB
116911,St Joseph's RC Primary School,HR9 5AW
116913,Staunton-on-Wye Endowed Primary School,HR4 7LT
116916,Sytchampton Endowed Primary School,DY13 9SX
116917,Tardebigge CofE First School,B60 3AH
116918,Weston-under-Penyard CofE Primary School,HR9 7PA
116919,Whitchurch CofE Primary School,HR9 6DA
116921,Our Lady Queen of Peace Catholic Primary,WR2 4EN
116923,St George's CofE Primary School,WR1 1RD
116924,St George's Catholic Primary School,WR1 3JY
116925,St Joseph's Catholic Primary School,WR4 9PG
116928,North Bromsgrove High School,B60 1BA
116936,Aylestone School,HR1 1HY
116941,Earl Mortimer College and Sixth Form Centre,HR6 8JJ
116952,Weobley High School,HR4 8ST
116957,Aston Fields Middle School,B60 2ET
116958,Catshill Middle School,B61 0JW
116959,Parkside Middle School,B61 0AH
116960,Blackminster Middle School,WR11 8TG
116984,St Egwin's CofE Middle School,WR11 4JU
116991,The Bishop of Hereford's Bluecoat School,HR1 1UU
116992,St Mary's RC High School,HR1 4DR
116999,Blessed Edward Oldcorne Catholic College,WR5 2XD
123357,Cheswardine Primary and Nursery School,TF9 2RU
123358,Church Aston Infant School,TF10 9JN
123359,Church Preen Primary School,SY6 7LH
123364,Donnington Wood Infant School and Nursery Centre,TF2 8EP
123366,Gobowen Primary School,SY11 3LD
123370,High Ercall Primary School,TF6 6AF
123371,Highley Community Primary School,WV16 6EH
123372,Hinstock Primary School,TF9 2TE
123373,Hodnet Primary School,TF9 3NS
123377,Lawley Primary School,TF4 2PR
123378,Lilleshall Primary School,TF10 9EY
123383,Minsterley Primary School,SY5 0BE
123384,Newport Infant School,TF10 7DX
123385,Norbury Primary School and Nursery,SY9 5EA
123391,Crowmoor Primary School and Nursery,SY2 5JJ
123393,Harlescott Junior School,SY1 4QN
123395,Sundorne Infant School and Nursery,SY1 4QN
123396,Sheriffhales Primary School,TF11 8RA
123397,Buntingsdale Primary School and Nursery,TF9 2HB
123399,Stoke-on-Tern Primary School,TF9 2LF
123403,Weston Rhyn Primary School,SY10 7SR
123404,Wombridge Primary School,TF2 6AN
123405,Woore Primary and Nursery School,CW3 9SQ
123406,Wrockwardine Wood Infant School and Nursery,TF2 7AH
123410,Albrighton Primary School & Nursery,WV7 3QS
123424,Shifnal Primary School,TF11 8EJ
123429,Holmer Lake Primary School,TF3 1LD
123433,William Reynolds Primary School,TF7 5QW
123434,John Wilkinson Primary School and Nursery,TF12 5AN
123435,Moorfield Primary School,TF10 7QU
123437,Belvidere Primary School,SY2 5YB
123438,Ladygrove Primary School,TF4 2LF
123441,Randlay Primary School,TF3 2LR
123443,Captain Webb Primary School,TF4 3DU
123444,Aqueduct Primary School,TF4 3RP
123445,John Randall Primary School,TF7 4DS
123447,The Martin Wilson School,SY1 2SP
123450,Apley Wood Primary School,TF1 6FQ
123451,Teagues Bridge Primary School,TF2 6RE
123452,The Meadows Primary School,SY11 2EA
123453,Muxton Primary School,TF2 8SA
123456,Hollinswood Primary School,TF3 2EP
123457,Adderley CofE Primary School,TF9 3TF
123458,St Mary's CofE Primary School,WV7 3DS
123460,Beckbury CofE Primary School,TF11 9DQ
123461,Bicton CofE Primary School and Nursery,SY3 8EH
123463,Brockton CofE Primary School,TF13 6JR
123467,Chirbury CofE VC Primary School & Busy Bees Nursery,SY15 6BN
123468,St Lawrence CofE Primary School,SY6 6EX
123470,Cockshutt CofE Primary School and Nursery,SY12 0JE
123471,Christ Church CofE Primary School,SY5 6DH
123472,Criftins CofE Primary School,SY12 9LT
123473,Donnington Wood CofE Voluntary Controlled Junior School,TF2 8BH
123474,St Peter's Church of England Controlled Primary School and Nursery,TF10 8JQ
123475,Farlow CofE Primary School,DY14 0RQ
123477,St Andrew's CofE Primary School,SY4 1DB
123478,Hadnall CofE Primary School,SY4 4BE
123480,Kinlet CofE Primary School,DY12 3BG
123481,Kinnerley Church of England Controlled Primary School,SY10 8DF
123482,Longnor CofE Primary School,SY5 7PP
123484,Morda CofE Primary School,SY10 9NR
123485,Moreton Say CofE  Primary School,TF9 3RS
123487,Myddle CofE Primary School,SY4 3RP
123488,Newcastle CofE Primary School,SY7 8QL
123489,Newport Church of England Voluntary Controlled Junior School,TF10 7EA
123490,Newtown CofE Primary School,SY4 5NU
123491,Norton-in-Hales CofE Primary School,TF9 4AT
123493,Pontesbury CofE Primary School,SY5 0TF
123495,Bomere Heath CofE Primary School,SY4 3PQ
123496,St Lawrence Church of England Voluntary Controlled Primary School,TF6 6DH
123497,Rushbury CofE Primary School,SY6 7EB
123498,St John the Baptist CofE (Controlled) Primary School and Nursery,SY4 1LA
123499,Selattyn CofE Primary School,SY10 7DH
123500,St Andrew's CofE Primary School,TF11 9HD
123502,Oxon CofE Primary School,SY3 5BJ
123503,St Giles CofE Primary School,SY2 5NJ
123505,Tibberton Church of England Primary School,TF10 8NN
123507,Trefonen CofE Primary School,SY10 9DY
123508,St Lucia's CofE Primary School & Nursery,SY4 4TZ
123510,Welshampton CofE Primary School,SY12 0PG
123512,West Felton CofE Primary School,SY11 4JR
123513,Weston Lullingfields CofE School,SY4 2AW
123517,Wistanstow CofE Primary School,SY7 8DQ
123518,Long Mountain CofE Primary School,SY5 9HT
123519,Stiperstones CofE Primary School,SY5 0LZ
123520,Wrockwardine Wood Church of England Junior School,TF2 7HG
123523,Broseley CofE Primary School,TF12 5LW
123525,St Thomas and St Anne CofE Primary School,SY5 8JN
123526,John Fletcher of Madeley Primary School,TF7 5DL
123527,St George's Church of England Primary School,TF2 9LJ
123528,Bryn Offa CofE Primary School,SY10 9QR
123529,St Laurence CofE Primary School,SY8 1TP
123532,Brown Clee CofE Primary School,WV16 6SS
123534,Baschurch CofE Primary School,SY4 2AU
123536,St Mary's Bluecoat CofE (VA) Primary School,WV15 5EQ
123537,St Mary's CofE Primary School,SY7 0AA
123539,Claverley CofE Primary School,WV5 7DX
123541,Clunbury CofE Primary School,SY7 0HE
123542,Coalbrookdale and Ironbridge CofE Primary School,TF8 7DS
123546,Longden CofE Primary School,SY5 8EX
123547,Lydbury North CofE (A) Primary School,SY7 8AU
123549,Whittington CofE (VA) Primary School,SY11 4DA
123550,Worfield Endowed CofE Primary School,WV15 5LF
123551,St John's Catholic Primary School,WV16 4HW
123552,St Peter and St Paul Catholic Primary School,TF10 7HU
123553,Our Lady and St Oswald's Catholic Primary School,SY11 2TG
123554,Shrewsbury Cathedral Catholic Primary School and Nursery,SY1 2SP
123555,St Patrick's Catholic Primary School,TF1 3ER
123556,St Mary's Catholic Primary School,TF7 5EJ
123557,St Matthew's Church of England Aided Primary School and Nursery Centre,TF2 7PZ
123558,St Luke's Catholic Primary School,TF2 7HG
123559,Corvedale CofE Primary School,SY7 9DH
123560,Onny CofE (A) Primary School,SY7 9AW
123564,"The Community College, Bishop's Castle",SY9 5AY
123574,The Burton Borough School,TF10 7DS
123627,Thomas Telford School,TF3 4NW
123999,The Willows Primary School,ST4 7JY
124003,Heron Cross Primary School,ST4 4LJ
124020,Ball Green Primary School,ST6 8AJ
124021,Holden Lane Primary School,ST1 6JS
124024,Hillside Primary School,ST2 7AS
124030,Sandford Hill Primary School,ST3 5AQ
124034,Christ Church Primary School,DE14 3TE
124040,Victoria Community School,DE14 2LU
124046,Tower View Primary School,DE15 0EZ
124054,The Croft Primary School,WS15 4AZ
124056,Ravensmead Primary School,ST7 8QD
124057,Wood Lane Primary School,ST7 8PH
124061,Moor First School,ST8 7HR
124062,Squirrel Hayes First School,ST8 7DF
124067,Bridgtown Primary School,WS11 0AZ
124068,Chadsmoor Community Infants and Nursery School,WS11 6EU
124070,Five Ways Primary School,WS12 2EZ
124072,West Hill Primary School,WS12 4BH
124076,Cheadle Primary School,ST10 1EN
124081,Millfield Primary School,B78 3RQ
124084,St Stephen's Primary School,WS13 8NL
124085,Fulford Primary School,ST11 9QT
124087,Thomas Barnes Primary School,B78 3AD
124089,Dove Bank Primary School,ST7 4AP
124093,Talbot First School,ST14 8QJ
124097,Springhead Primary School,ST7 1RA
124104,Longwood Primary School,B78 3NH
124110,Hassell Primary School,ST5 1LF
124115,May Bank Infants' School,ST5 0PT
124119,Westlands Primary School,ST5 2QY
124130,Oakridge Primary School,ST17 0PR
124141,Springfields First School,ST15 0NJ
124146,Endon Hall Primary School,ST9 9HH
124147,Ashcroft Infants' School,B79 8RU
124150,Thomas Russell Junior School,DE13 8EU
124151,Hayes Meadow Primary School,WS15 4EU
124155,Florendine Primary School,B77 3DD
124161,Willows Primary School,WS13 7NU
124162,Glenthorne Community Primary School,WS6 7BZ
124163,Springcroft Primary School,ST11 9JS
124164,Pirehill First School,ST15 0AA
124165,Hanbury's Farm Community Primary School,B77 2LD
124166,Oakhill Primary School,B77 2HH
124168,Chancel Primary School,WS15 2EW
124171,The John Bamford Primary School,WS15 2PA
124174,Lane Green First School,WV8 1EU
124175,Jerome Primary School,WS11 9TP
124176,Amington Heath Primary School and Nursery,B77 4EN
124177,Perton First School,WV6 7LX
124183,Gorsemoor Primary School,WS12 3TG
124189,Cheslyn Hay Primary School,WS6 7JQ
124190,Landywood Primary School,WS6 6AQ
124192,Blakeley Heath Primary School,WV5 0JR
124193,Westfield Primary School,WV5 8BH
124195,Cooper Perry Primary School,ST18 9PQ
124199,St Leonard's Primary School,ST17 4LT
124200,Doxey Primary and Nursery School,ST16 1EG
124202,Burton Manor Primary School,ST17 9PS
124205,Flash Ley Primary School,ST17 9DR
124207,Chase Terrace Primary School,WS7 1AH
124209,Fulfen Primary School,WS7 9BJ
124221,Burnwood Community Primary School,ST6 7LP
124227,St Paul's CofE (C) Primary School,ST3 2RH
124231,All Saints CofE (C) Primary School,DE13 7EF
124232,Hugo Meynell CofE (VC) Primary School,TF9 4NU
124233,Barlaston CofE (VC) First School,ST12 9DB
124234,Berkswich CofE (VC) Primary School,ST17 0LU
124235,Betley CofE VC Primary School,CW3 9AX
124238,St Anne's CofE (VC) Primary School,ST6 8TA
124240,Chadsmoor CofE (VC) Junior School,WS11 6DR
124242,St Andrew's CofE (C) Primary School,B79 0AP
124249,Mary Howard CofE (VC) Primary School,B79 9JJ
124254,St John's CofE (C) Primary School,ST5 5AF
124257,Christ Church CofE (C) Primary School,WS13 8AY
124261,St Bartholomew's CofE (C) School,SK17 0NZ
124262,St Peter's CofE (VC) First School,ST14 8LH
124265,St Chad's CofE (C) Primary School,ST5 7AB
124267,St Luke's CofE (C) Primary School,ST5 6QJ
124268,St Margaret's CofE (VC) Junior School,ST5 0HU
124269,St Chad's CofE (VC) First School,WV6 7AQ
124274,All Saints CofE (C) First School,ST21 6RN
124275,St Michael's CofE (C) First School,ST15 8QB
124278,St John's CofE (C) Primary School,DY3 4NB
124279,Tittensor CofE (C) First School,ST12 9HP
124289,Sir John Offley CofE (VC) Primary School,CW3 9PJ
124290,Baldwins Gate CofE(VC) Primary School,ST5 5DF
124291,Hob Hill CE/Methodist (VC) Primary School,WS15 1ED
124294,Holy Trinity CofE (C) Primary School,DE14 1SN
124299,St Paul's CofE (C) Primary School,ST17 4BT
124302,All Saints CofE (VC) Primary School,ST18 9JU
124309,St John's CofE (A) Primary School,ST4 6SB
124313,Hanley St Luke's CofE Aided Primary School,ST1 3QH
124326,St Modwen's Catholic Primary School,DE13 0AJ
124331,St Peter's CofE (A) Primary School,ST11 9EN
124337,Ilam CofE (VA) Primary School,DE6 2AZ
124342,St Mary's CofE (A) Primary School,TF9 4DN
124343,St Michael's CofE (A) First School,ST19 5DJ
124344,St Mary's CofE (A) First School,ST14 7LX
124345,St Leonard's CofE (A) Primary School,B79 9DX
124349,St Mary's Catholic Primary School,WS11 0AE
124351,St Joseph and St Theresa Catholic Primary,WS7 3XL
124354,St Joseph's Catholic Primary School,WS12 1DE
124357,St Joseph's Catholic Primary School,WS14 9AN
124360,St Joseph's Catholic Primary School,WS15 1BN
124369,St Elizabeth's Catholic Primary School,B79 8EN
124372,St Bernadette's Catholic Primary School,WV5 8DZ
124373,St Gabriel's Catholic Primary School,B77 2LF
124375,SS Peter and Paul Catholic Primary School,WS13 7NH
124376,St Thomas More Catholic Primary School,WS6 6PG
124381,St Leonard's CofE (A) First School,ST10 2LY
124392,Paget High School,DE14 3DR
124395,Norton Canes High School,WS11 9SP
124400,Codsall Community High School,WV8 1PQ
124408,King Edward VI School,WS14 9EE
124426,Walton Priory Middle School,ST15 0AL
124437,Perton Middle School,WV6 7NR
124449,Abbot Beyne School,DE15 0JL
124453,Bilbrook CofE (VC) Middle School,WV8 1EU
124464,Corbett VA CofE Primary School,DY7 5DU
124467,Stafford Manor High School,ST17 9DJ
124468,Cardinal Griffin Catholic College,WS11 4AW
125500,Nursery Hill Primary School,CV10 0PY
125507,Claverdon Primary School,CV35 8QA
125510,Wheelwright Lane Primary School,CV7 9HN
125511,Great Alne Primary School,B49 6HQ
125512,Michael Drayton Junior School,CV10 0SZ
125513,Nathaniel Newton Infant School,CV10 0LS
125515,Hurley Primary School,CV9 2HY
125519,Quinton Primary School,CV37 8SA
125521,Snitterfield Primary School,CV37 0JL
125525,Thomas Jolyffe Primary School,CV37 6TE
125526,Bridgetown Primary School,CV37 7JP
125528,Welford-on-Avon Primary School,CV37 8ER
125530,Lighthorne Heath Primary School,CV33 9TW
125537,Chilvers Coton Community Infant School,CV11 5RB
125539,Galley Common Infant School,CV10 9NZ
125545,Whitestone Infant School,CV11 4SQ
125550,Thorns Community Infant School,CV8 2DS
125551,Clinton Primary School,CV8 1DL
125552,Park Hill Junior School,CV8 2JJ
125554,Clapham Terrace Community Primary School and Nursery,CV31 1HZ
125556,Telford Junior School,CV32 7HP
125559,Westgate Primary School,CV34 4DD
125560,Whitnash Primary School,CV31 2EX
125561,Newburgh Primary School,CV34 6LD
125562,Telford Infant School,CV32 7TE
125563,Briar Hill Infant School,CV31 2JF
125565,Brookhurst Primary School,CV32 6NH
125566,Emscote Infant School,CV34 5NH
125570,Long Lawford Primary School,CV23 9AL
125573,Abbots Farm Infant School,CV21 4AP
125575,Eastlands Primary School,CV21 3RY
125576,Northlands Primary School,CV21 2SS
125579,Bilton Infant School,CV22 7NH
125580,Abbots Farm Junior School,CV21 4AP
125581,Bawnmore Community Infant School,CV22 6JS
125584,High Meadow Community School,B46 1ES
125585,Exhall Junior School,CV7 9NS
125591,Chetwynd Junior School,CV11 4SE
125595,Glendale Infant School,CV10 7LW
125598,Boughton Leigh Junior School,CV21 1LT
125603,Boughton Leigh Infant School,CV21 1LT
125605,Croft Junior School,CV10 8ER
125607,Bishopton Primary School,CV37 9PB
125609,Priors Field Primary School,CV8 1BA
125610,Milverton Primary School,CV32 6ES
125616,Race Leys Infant School,CV12 8AD
125618,Brownsover Community Infant School,CV23 0UP
125620,Water Orton Primary School,B46 1SG
125623,Alveston CofE Primary School,CV37 7BZ
125625,Bidford-on-Avon CofE Primary School,B50 4QG
125631,Ettington CofE Primary School,CV37 7SP
125635,Hampton Lucy CofE Primary School,CV35 8BE
125637,Ilmington CofE Primary School,CV36 4LJ
125639,Loxley CofE Community Primary School,CV35 9JT
125640,Mappleborough Green CofE Primary School,B80 7DR
125646,Shottery St Andrew's CofE Primary School,CV37 9BL
125653,"All Saints CofE Primary School and Nursery, Nuneaton",CV10 7AT
125654,Abbey CofE Infant School,CV11 5EL
125656,"St Paul's CofE Primary School, Nuneaton",CV10 8NH
125657,Bishops Tachbrook CofE Primary School,CV33 9RY
125660,Cubbington CofE Primary School,CV32 7JY
125661,St Nicholas CofE Primary School,CV8 2PE
125662,Lapworth CofE Primary School,B94 6LT
125665,Radford Semele CofE Primary School,CV31 1TQ
125666,All Saints' CofE Junior School,CV34 5LY
125667,St. Margaret's CofE Junior School,CV31 2JF
125670,Clifton-upon-Dunsmore CofE Primary School,CV23 0BT
125676,Wolston St Margaret's CofE Primary School,CV8 3HH
125677,Wolvey CofE Primary School,LE10 3LA
125681,Holy Trinity CofE Primary School,CV37 9QN
125682,Bilton CofE Junior School,CV22 6LB
125684,Shustoke CofE Primary School,B46 2AU
125689,The Canons C of E Primary School,CV12 8RT
125696,Wilmcote CofE (Voluntary Aided) Primary School,CV37 9XD
125701,"St Paul's CofE Primary School, Leamington Spa",CV32 4JZ
125703,Dunchurch Boughton CofE (Voluntary Aided) Junior School,CV22 6NE
125708,"St Mary's Catholic Primary School, Southam",CV47 1PS
125714,St Peter's Catholic Primary School,CV32 5EL
125715,St Patrick's Catholic Primary School,CV31 3EU
125716,St Anthony's Catholic Primary School,CV31 1NJ
125717,St Mary Immaculate Catholic Primary School,CV34 5BG
125719,St Joseph's Catholic Primary School,CV31 2LJ
125721,"Our Lady's Catholic Primary School, Princethorpe",CV23 9PU
125729,Barford St Peter's CofE Primary School,CV35 8EW
125760,Wolverton Primary School,CV35 8JN
125761,Middlemarch School,CV10 7BQ
125762,Dunnington CofE Primary School,B49 5NT
125763,Dunchurch Infant School,CV22 6PA
125764,The Avon Valley School and Performing Arts College,CV21 1EH
128077,Riverside Primary School,HR2 7JF
129342,Grace Academy Solihull,B37 5JS
130305,Bilston Church of England Primary School,WV14 0HU
130379,The Dassett CofE Primary School,CV47 2XU
130867,Coten End Primary School,CV34 4NP
130868,Sydenham Primary School,CV31 1SA
130870,St John's Primary School,CV8 1FS
130875,Provost Williams CofE Primary School,CV8 3FF
130877,St Andrew's Benn CofE (Voluntary Aided) Primary School,CV21 3NX
130878,The Revel CofE (Aided) Primary School,CV23 0RA
130881,Bournebrook CofE Primary School,CV7 8ET
130883,St Matthew's Bloxam CofE Primary School,CV22 7AU
130884,St Lawrence CofE (Voluntary Aided) Primary School,CV47 8LU
130885,Paddox Primary School,CV22 5HS
130886,Binley Woods Primary School,CV3 2QU
130887,Hillmorton Primary School,CV21 4PE
130889,Wembrook Primary School,CV11 4LU
130893,Arden Forest Infant School,CV12 9RT
130894,Milby Primary School,CV11 6JS
130895,Weddington Primary School,CV10 0DR
130896,Newdigate Primary and Nursery School,CV12 0HA
130897,Goodyers End Primary School,CV12 0HP
130898,Exhall Cedars Infant School,CV7 9FJ
130910,Knightlow CofE Primary School,CV23 9NF
130931,Trinity CofE Primary School,SY5 9LG
130951,Shrubland Street Community Primary School,CV31 2AR
131073,The William Amory Primary School,ST11 9PN
131153,West Park Primary School,WV1 4BE
131178,Hanbury Primary School,B70 9NT
131184,Uplands Manor Primary School and Nursery,B67 6HT
131212,The Priory Primary School,WS10 0JG
131223,King George V Primary School,B70 6JA
131239,Mount Nod Primary School,CV5 7BG
131241,Spon Gate Primary School,CV1 3BQ
131433,Leighswood School,WS9 8HZ
131442,Southfields Primary School,CV1 5LS
131465,Al-Furqan Primary School,B11 3EY
131511,Hillary Primary School,WS2 9BP
131580,Beacon Primary School,WV12 5HA
131581,St James Primary School,WS8 6AE
131591,Harvills Hawthorn Primary School,B70 0NG
131672,Hollyfield Primary School,B75 7SG
131673,St James CofE Primary School,B69 1BG
131920,Four Oaks Primary School ,B74 4PA
132007,Whitehouse Common Primary School,B75 6BL
132060,Holywell Primary and Nursery School,B45 9EY
132073,Cooper and Jordan Church of England Primary School,WS9 8NH
132074,Anglesey Primary School,B19 1RA
132076,Chuckery Primary School,WS1 2DZ
132086,Sir Alexander Fleming Primary School,TF7 4HG
132140,Springfield Primary School,B65 8JY
132197,Bantock Primary School,WV3 0HY
132201,Wattville Primary School,B21 0DP
132240,Priory CofE Primary School,ST4 8EF
132260,Forsbrook CofE Controlled Primary School,ST11 9PW
132261,Harborne Primary School,B17 9LU
132806,St Andrew's Church of England Primary School,WV6 0RH
132820,Oak Hill First School,B98 7JU
133261,Tividale Community Primary School,B69 2HT
133270,Old Park Primary School,TF3 2BF
133300,Newdale Primary School & Nursery,TF3 5HA
133474,Moat House Primary School,CV2 1EQ
133475,Limbrick Wood Primary School,CV4 9QT
133476,Henley Green Primary,CV2 1HQ
133556,St Mary and St Benedict Catholic Primary School,CV1 5HG
133697,Walsall Academy,WS3 3LX
133720,Dickens Heath Community Primary School,B90 1NA
133759,Forestdale Primary School,B45 0JS
133996,Yardley Primary School,B26 1TD
134094,Mapledene Primary School,B26 3XE
134098,Kings Heath Primary School,B14 7AJ
134099,Wheelers Lane Primary School,B13 0SF
134102,James Watt Primary School,B21 0RE
134279,West Heath Primary School,B38 8HU
134281,Paganel Primary School,B29 5TG
134353,St Lukes CofE Primary School,WS11 1HN
134426,Howes Community Primary School,CV3 5EH
134476,St Peters CofE Primary School,B17 0BE
134666,Chase View Community Primary School,WS15 1NE
134745,Willenhall Community Primary School,CV3 3DB
134774,New Oscott Primary School,B73 6QR
134840,Clifton Primary School,B12 8NX
134852,Millbrook Primary School,TF1 6UJ
134924,Kingsbury Primary School,B78 2HW
134993,Sandwell Academy,B71 4LG
134999,Meadows Primary School and Nursery,TF1 5HF
135016,Moorcroft Wood Primary School,WV14 8NE
135029,Sacred Heart Primary School,DY4 8UH
135031,Woodlands Primary School,TF7 5HX
135035,The Bewdley School,DY12 1BL
135036,St Anne's CofE VC Primary School,DY12 2UQ
135046,Chaddesley Corbett Endowed Primary School,DY10 4QN
135047,Comberton Primary School,DY10 3ED
135048,Cookley Sebright Primary School,DY10 3TA
135050,Franche Primary School,DY11 5QB
135051,St Catherine's CofE (VC) Primary School,DY11 5HP
135052,Offmore Primary School,DY10 3HA
135057,St Mary's CofE (VA) Primary School,DY10 2LX
135061,Wolverley CofE Secondary School,DY11 5XQ
135067,Grove Primary School,WR14 2LU
135076,Bewdley Primary School,DY12 1BL
135081,Barcroft Primary School,WV13 1NA
135139,Kingshurst Primary School ,B37 6BN
135149,Madeley Academy,TF7 5FB
135170,Shireland Collegiate Academy,B66 4ND
135215,Pennyhill Primary School ,B71 3BU
135234,George Salter Academy,B70 9UW
135244,Lightmoor Village Primary School,TF4 3EG
135281,River View Primary and Nursery School,DE15 9HR
135288,Galton Valley Primary School,B66 1BA
135335,Grace Academy Coventry,CV2 2RH
135449,Q3 Academy Great Barr,B43 7SD
135496,Dothill Primary School,TF1 3JB
135582,Haberdashers' Abraham Darby,TF7 5HX
135599,Gospel Oak School,DY4 0BZ
135662,The Hereford Academy,HR2 7NG
135672,The Steiner Academy Hereford,HR2 8DL
135769,Ormiston Shelfield Community Academy,WS4 1BW
135789,Meole Brace Church of England Primary and Nursery,SY3 9HG
135790,Bishop Hooper Church of England Primary School,SY8 4BX
135907,Heartlands Academy,B7 4QR
135911,Shenley Academy,B29 4HE
135913,Tudor Grange Academy Worcester,WR3 8HN
135956,Grace Academy Darlaston,WS10 8QJ
135970,Ark St Alban's Academy,B12 0YH
135971,Park Hall Academy,B36 9HF
135979,Ormiston Sandwell Community Academy,B69 2HE
136032,North Birmingham Academy,B44 0HF
136061,Outwoods Primary School,CV9 1EH
136091,The Phoenix Collegiate,B71 2BX
136102,Co-op Academy Stoke-On-Trent,ST6 4LD
136126,Sidney Stringer Academy,CV1 5LY
136136,"Landau Forte Academy, Amington",B77 4FF
136145,Ormiston Sir Stanley Matthews Academy,ST3 3JD
136152,King Edward VI Sheldon Heath Academy,B26 2RZ
136158,Nuneaton Academy,CV10 7PD
136213,Harborne Academy,B15 3JL
136303,Park Hall Infant Academy,WS5 3HF
136310,"Tudor Grange Academy, Solihull",B91 3PD
136320,St Patricks Church of England Primary Academy,B94 6DE
136323,John Taylor High School,DE13 8AZ
136333,Arden,B93 0PT
136347,John Henry Newman Catholic College,B37 5GA
136374,Wigmore Primary School,HR6 9UN
136399,John Kyrle High School and Sixth Form Centre Academy,HR9 7ET
136405,Wigmore School,HR6 9UW
136406,"Ninestiles, an Academy",B27 7QG
136414,The de Ferrers Academy,DE13 0LL
136439,Priorslee Academy,TF2 9RS
136440,Harper Bell Seventh-day Adventist School,B12 0EJ
136459,The Polesworth School,B78 1QT
136460,St Joseph's College,ST4 5NT
136469,Prince Henry's High School,WR11 4QH
136516,Newport Girls' High School Academy,TF10 7HL
136532,Ashperton Primary Academy,HR8 2SE
136549,Belgrave St Bartholomew's Academy,ST3 4TP
136587,Ashlawn School,CV22 5ET
136589,Bartley Green School,B32 3QJ
136590,Kings Norton Girls' School,B30 1HW
136592,King Edward VI Lordswood School for Girls,B17 8QB
136595,Rugby High School,CV22 7RE
136616,Wood Green Academy,WS10 9QU
136618,Windsor High School and Sixth Form,B63 4BB
136619,Ryders Hayes School,WS3 4HX
136620,Shire Oak Academy,WS9 9PA
136622,Alcester Grammar School,B49 5ED
136680,Ormiston Horizon Academy,ST6 6JZ
136681,Discovery Academy,ST2 0GA
136759,King's Caple Primary Academy,HR1 4TZ
136761,Lord Scudamore Primary Academy,HR4 0AS
136762,The Violet Way Academy,DE15 9ES
136765,Sutton Primary Academy,HR1 3SZ
136773,Queen Mary's Grammar School,WS1 2PG
136777,Queen Mary's High School,WS4 2AE
136778,Sutton Coldfield Grammar School for Girls,B73 5PT
136786,Studley High School,B80 7QX
136803,John Masefield High School,HR8 2HF
136824,St Peter's CofE Academy,ST4 2RR
136882,Aston Manor Academy,B6 4PZ
136885,Barr Beacon School,WS9 0RF
136886,Erasmus Darwin Academy,WS7 3QW
136890,Christopher Whitehead Language College,WR2 4AF
136897,The Chantry School,WR6 6QA
136898,Haybridge High School and Sixth Form,DY8 2XS
136907,Myton School,CV34 6PJ
136908,Fairfax,B75 7JT
136909,Heart of England School,CV7 7FW
136924,Woodrush High School,B47 5JW
136925,Pershore High School,WR10 2BX
136927,Droitwich Spa High School and Sixth Form Centre,WR9 0AA
136944,Birmingham Ormiston Academy,B4 7QD
136959,The Cheadle Academy,ST10 1LH
136961,Christ Church Academy,ST15 8JD
136963,Finham Park School,CV3 6EA
136979,The Marches School,SY11 2AR
136983,Suckley Primary School,WR6 5DE
136984,Great Malvern Primary School,WR14 2BY
136986,The Coleshill School,B46 3EX
136991,Henley In Arden School,B95 6AF
136994,Alderbrook School,B91 1SN
137007,Langley School,B92 7ER
137008,Lode Heath School,B91 2HW
137034,Holyhead School,B21 0HN
137043,King Edward VI Aston School,B6 6DJ
137044,King Edward VI Camp Hill School for Girls,B14 7QJ
137045,King Edward VI Camp Hill School for Boys,B14 7QJ
137046,King Edward VI Five Ways School,B32 4BT
137047,King Edward VI Handsworth School,B21 9AR
137051,Nunnery Wood High School,WR5 2LT
137053,Plantsbrook School,B72 1RB
137073,Kingstone High School,HR2 9HJ
137079,George Eliot Academy,CV11 4QP
137100,The Hart School,WS15 2UE
137101,Hanley Castle High School,WR8 0BL
137146,"Landau Forte Academy, QEMS",B79 8AH
137155,The Deanery Church of England Primary School,B76 2RD
137162,The Stourport High School and Sixth Form College,DY13 8AX
137164,Staffordshire University Academy,WS12 4JH
137167,Trinity High School and Sixth Form Centre,B98 8HB
137168,Rookery School,B21 9PY
137172,Alcester Academy,B49 6QQ
137186,Dyson Perrins CofE Academy,WR14 1WD
137209,West Coventry Academy,CV4 9PW
137225,The Westwood Academy,CV4 8DY
137231,Light Hall School,B90 2PZ
137235,Stratford Girls' Grammar School,CV37 9HA
137236,Stratford Upon Avon School,CV37 9DH
137272,Blue Coat Church of England School and Music College,CV1 2BA
137274,Bloxwich Academy,WS2 7NR
137292,Somers Park Primary School,WR14 1SE
137302,King Edward VI School,CV37 6BE
137336,The Corbet School,SY4 2AX
137346,Hillcrest School and Sixth Form Centre,B32 3AE
137356,Biddulph High School,ST8 7AR
137384,Cannock Chase High School,WS11 1JT
137390,Pegasus Academy,DY1 2DU
137415,Kingstone and Thruxton Primary School,HR2 9HJ
137446,Haberdashers' Adams,TF10 7BD
137488,The Priors School,CV47 7RR
137492,Nishkam Primary School Birmingham,B21 9SN
137553,The Weston Road Academy,ST18 0YG
137578,Ark Kings Academy,B38 9DE
137608,Lady Hawkins' School,HR5 3AR
137624,Brockhampton Primary School,WR6 5TD
137625,The Chase,WR14 3NZ
137673,Ormiston Forge Academy,B64 6QU
137697,Coppice Primary School,B47 5JN
137701,Oldbury Academy,B68 8NE
137703,Queen Elizabeth High School,HR7 4QS
137705,Beacon Hill Academy,DY3 1BP
137706,Willenhall E-ACT Academy,WV12 4BD
137707,The Streetly Academy,B74 2EX
137730,Heath Park,WV11 1RD
137731,Holmer CofE Academy,HR4 9RX
137766,Campion School,CV31 1QH
137767,Higham Lane School,CV10 0BJ
137770,Aylesford School Warwick,CV34 6XR
137771,Etone College,CV11 6AA
137773,Kingswinford Academy,DY6 7AD
137781,Ash Green School,CV7 9AH
137797,Park Hall Junior Academy,WS5 3HF
137812,The Earls High School,B63 3SL
137825,Lickhill Primary School,DY13 8UA
137830,Joseph Leckie Academy,WS5 4PG
137858,Hall Green School,B28 0AA
137960,The Vaynor First School,B97 5BL
137972,Mesty Croft Primary,WS10 0QY
137974,Aldridge School - A Science College,WS9 0BG
137988,Bishop Vesey's Grammar School,B74 2NH
137989,Henry Hinde Infant School,CV22 7JQ
138023,Coundon Court,CV6 2AJ
138026,Webheath Academy Primary School,B97 5RJ
138032,King Charles I School,DY10 1XA
138033,Victoria Park Primary,B66 3HH
138035,Lugwardine Primary Academy,HR1 4DH
138037,St Paul's CofE Primary School,HR1 1UX
138043,Bursley Academy,ST5 8JQ
138055,Stretton Sugwas CofE Academy,HR4 7AE
138059,Rockwood Academy,B8 3HG
138098,Moseley Park,WV14 6LU
138104,Timberley Academy,B34 7RL
138107,Bishop Perowne CofE College,WR3 8LE
138136,The Arthur Terry School,B74 4RZ
138137,Stockland Green School,B23 7JH
138194,Erdington Hall Primary School,B24 8JJ
138208,Woodfield Academy,B98 7HH
138216,The Priory School,SY3 9EE
138218,Dorrington Academy,B42 1QR
138222,Aston University Engineering Academy,B7 4AG
138268,Barrow 1618 CofE Free School,TF12 5BW
138303,Warren Farm Primary School,B44 0DT
138343,Woodlands Academy of Learning,WV12 5PR
138351,The Rural Enterprise Academy,ST19 5PH
138374,West Walsall E-ACT Academy,WS2 9UA
138395,Chilwell Croft Academy,B19 2QH
138396,Nechells Primary E-ACT Academy,B7 5LB
138397,Ark Tindal Primary Academy,B12 9QS
138410,Percy Shurmer Academy,B12 9ED
138420,Croft Academy,WS2 8JE
138425,The Shirestone Academy,B33 0DH
138431,Race Leys Junior School,CV12 8HG
138432,St Clement's Church of England Academy,B7 5NS
138433,"St Michael's CofE Primary Academy, Handsworth",B21 0UX
138435,Tamworth Enterprise College and AET Academy,B77 2NE
138452,Reedswood E-ACT Academy,WS2 8RX
138462,Tudor Grange Primary Academy Hockley Heath,B94 6RA
138497,Harpfield Primary Academy,ST4 6AP
138505,Arrow Vale High School,B98 0GF
138536,Balsall Common Primary School,CV7 7FS
138540,Jubilee Academy Mossley,WS3 2SQ
138548,Sutherland Primary Academy,ST3 3DY
138549,Haywood Academy,ST6 7AB
138550,Eaton Park Academy,ST2 9PF
138551,The Crescent Academy,ST3 6HZ
138586,Nishkam High School,B19 2LF
138590,Slade Primary School,B23 7PX
138591,Goldsmith Primary Academy,WS3 1DL
138606,Blue Coat Church of England Academy,WS1 2ND
138644,Hartshill Academy,CV10 0NA
138664,Waseley Hills High School,B45 9EL
138693,Greenholm Primary School,B44 8HS
138694,Barr View Primary & Nursery Academy,B44 8NT
138695,George Dixon Academy,B16 9GD
138722,The Faber Catholic Primary School,ST10 3DN
138723,St Filumena's Catholic Primary School,ST11 9EA
138724,St Giles Catholic Primary School,ST10 1ED
138725,St Mary's Catholic Academy,ST13 8BW
138726,St Thomas' Catholic Primary School,ST10 4DS
138727,St Joseph's Catholic Primary School,ST14 7JX
138728,The Rawlett School (An Aet Academy),B79 9AA
138729,Painsley Catholic College,ST10 1LH
138767,Shipston High School,CV36 4DY
138799,Nansen Primary School,B8 3HG
138852,St Peter's Collegiate Academy,WV3 9DU
138864,Montgomery Primary Academy,B11 1EH
138883,St John's & St Peter's CofE Academy,B16 8RN
138888,Billesley Primary School,B13 0ES
138889,Kings Rise Academy,B44 0JL
138899,The Mosley Academy,DE13 9QD
138909,Tanworth-in-Arden CofE Primary School,B94 5AJ
138912,Dordon Primary School,B78 1PJ
138914,Riverside Academy,CV21 1EH
138915,Oakfield Primary Academy,CV22 6AU
138934,Birchwood Primary School,B78 1QU
138936,The Wilnecote School,B77 5LF
138937,King Edward VI Handsworth Wood Girls' Academy,B20 2HL
138982,Anglesey Primary Academy,DE14 3LG
138998,Mansfield Green E-ACT Academy,B6 5NH
139000,Moor Green Primary Academy,B13 8QP
139001,Perry Wood Primary and Nursery School,WR5 1PP
139002,Reaside Academy,B45 0HY
139003,Lea Forest Primary Academy,B33 9RD
139007,"Tudor Grange Primary Academy, St James",B90 2BT
139011,Tame Valley Academy,B36 8QJ
139014,Merritts Brook Primary E-ACT Academy,B31 5QD
139020,Ipsley CofE Middle School,B98 0UB
139041,"St Marys C of E Primary and Nursery, Academy, Handsworth",B20 2RW
139043,Bristnall Hall Academy,B68 9PA
139047,Four Dwellings Academy,B32 1RJ
139048,Greenwood Academy,B35 7NL
139068,Thistley Hough Academy,ST4 5JJ
139102,Lakelands Academy,SY12 0EA
139120,Oasis Academy Blakenhale Infants,B33 0XD
139125,Oasis Academy Short Heath,B23 5JP
139126,"St George's Church of England Academy, Newtown",B19 3QY
139127,The Nethersole CofE Academy,B78 1DZ
139128,Oasis Academy Woodview,B15 2HU
139129,Oasis Academy Blakenhale Junior,B33 0XG
139131,Four Dwellings Primary Academy,B32 1PJ
139138,Aldersley High School,WV8 1RT
139143,Bridgnorth Endowed School,WV16 4ER
139162,Parkfield Community School,B8 3AX
139171,St Edward's Church of England Academy,ST13 8DN
139173,St John's CofE Primary School,B11 4EA
139174,St Michael's Church of England Primary School,B32 3JS
139183,The Oaklands Primary School,B27 7BT
139185,Walkwood Church of England Middle School,B97 5AQ
139189,Whitecross Hereford,HR4 0RN
139199,Woden Primary School,WV10 0LH
139214,Oasis Academy Hobmoor,B25 8FD
139226,"Star Academy, Sandyford",ST6 5PT
139228,Maple Court Academy,ST2 0QD
139234,The JCB Academy,ST14 5JX
139241,"St Mary's Primary School, Dilwyn",HR4 8HR
139242,Oasis Academy Boulton,B21 0RE
139267,St George's Church of England Primary School,B16 8HY
139269,Hawkesley Church Primary Academy,B38 9TR
139274,Nishkam Primary School Wolverhampton,WV3 0PR
139286,St John's Church of England Middle School Academy,B61 7DH
139292,Caludon Castle School,CV2 5BD
139305,Woods Bank Academy,WS10 8NQ
139308,Canon Pyon CofE Academy,HR4 8PF
139313,Llangrove CE Academy,HR9 6EZ
139378,Yarnfield Primary School,B11 3PJ
139383,St Laurences CofE Primary School,CV6 7ED
139384,Stretton Church of England Academy,CV3 3AE
139435,Birchills Church of England Community Academy,WS2 8NF
139437,Bramford Primary School,WV14 9TU
139439,Tiverton Academy,B29 6BW
139443,Acocks Green Primary School,B27 7UQ
139452,Mere Green Primary School,B75 5BL
139455,Church Stretton School,SY6 6EX
139457,Knowle Church of England Primary Academy,B93 0JE
139465,Brookvale Primary School,B23 7YB
139484,Fairway Primary Academy,B38 8XQ
139518,St Nicholas CofE Primary,B49 6AG
139520,Hill West Primary School,B74 4LD
139536,The Telford Park School,TF3 1FA
139565,George Betts Primary Academy,B66 1RE
139602,Scientia Academy,DE13 0UF
139608,Burghill Community Academy,HR4 7RP
139610,Edgar Stammers Primary Academy,WS3 1RQ
139630,Woodside Primary School,SY11 1DT
139631,Pegasus Primary School,B35 6PR
139637,Woodhouse Primary Academy,B32 2DL
139680,St Bartholomew's Church of England Academy,CV3 2LP
139681,Hill Farm Academy,CV6 3BL
139719,Landau Forte Academy Greenacres,B77 4AB
139742,Corngreaves Academy,B64 6EZ
139746,Hamstead Hall Academy,B20 1HL
139749,Honeybourne Primary Academy,WR11 7PJ
139766,The Telford Langley School,TF4 3JS
139768,Timbertree Academy,B64 7LT
139769,William Brookes School,TF13 6NB
139788,Waverley Studio College,B9 5SX
139789,Walsall Studio School,WS1 1RL
139800,SS. Mary and John's Catholic Primary Academy,WV2 1HZ
139825,Crabbs Cross Academy,B97 5JH
139841,Broadway Academy,B20 3DP
139846,Carmountside Primary Academy,ST2 8DJ
139860,The Orchards Primary Academy,B31 1TX
139870,Perry Hall Primary School,WV11 3RT
139872,Redhill School,DY8 1JX
139875,Shireland Hall Primary Academy,B66 4PW
139888,Washwood Heath Academy,B8 2AS
139891,St Edmunds Catholic Academy,WV3 9DU
139892,St Michael's Catholic Primary Academy and Nursery,WV3 7LE
139893,St Teresa's Catholic Primary Academy,WV4 6AW
139894,SS Peter and Paul Catholic Primary Academy & Nursery,WV6 0HR
139904,Grestone Academy,B20 1ND
139913,Arley Primary School,CV7 8HB
139918,Wodensborough Ormiston Academy,WS10 0DR
139936,Nicholas Chamberlaine School,CV12 9EA
139937,The Queen Elizabeth Academy,CV9 1LZ
139994,Yardleys School,B11 3EY
140004,Park Lane Primary School,CV10 8NL
140014,Ark Boulton Academy,B11 2QG
140041,Oasis Academy Warndon,WR4 9PE
140114,St Marys Catholic Academy,ST6 8EZ
140123,Alleyne's Academy,ST15 8DT
140125,Austrey CofE Primary School,CV9 3EQ
140126,Bishop Milner Catholic College,DY1 3BY
140127,Cawston Grange Primary School,CV22 7GU
140129,Our Lady of Grace Catholic Academy,ST8 6LW
140135,Henley-In-Arden CofE Primary School,B95 5FT
140136,Jubilee Park Academy,DY4 0QS
140139,Newton Regis CofE Primary School,B79 0NL
140140,Ocker Hill Academy,DY4 0DS
140141,Our Lady and St Benedict Catholic Academy,ST2 8AU
140144,St Chad's Catholic Primary School,DY3 3UE
140145,St George and St Martin's Catholic Academy,ST1 2NQ
140146,St John the Evangelist Catholic Primary,ST7 1EL
140147,St Joseph's Catholic Primary School,DY2 7PW
140148,"St Joseph's Catholic Academy, Goldenhill",ST6 5RN
140149,St Margaret Ward Catholic Academy,ST6 6LZ
140150,St Peter's Catholic Academy,ST6 3HL
140151,St Wilfrid's Catholic Primary School,ST6 6EE
140152,Warton Nethersole's CofE Primary School,B79 0HP
140153,Woodside CofE Primary School,CV9 2BS
140154,Madeley High School,CW3 9JJ
140159,Chivenor Primary School,B35 7JA
140160,Thomas Telford University Technical College,WV10 0JR
140161,Oasis Academy Foundry,B18 4LP
140183,St Thomas Cantilupe CofE Academy,HR1 2DY
140195,Churchfields Primary School,ST5 7HY
140196,Rivers Primary Academy,WS3 1LY
140198,Racemeadow Primary Academy,CV9 1LT
140248,President Kennedy School Academy,CV6 4GL
140258,Astwood Bank Primary School,B96 6EH
140262,Robin Hood Academy,B28 9PP
140280,Co Op Academy Glebe,ST4 3HZ
140285,Newstead Primary Academy,ST3 3LQ
140287,Our Lady's Catholic Academy,ST4 4NP
140292,South Bromsgrove High,B60 3NL
140296,St Augustine's Catholic Academy,ST3 7DF
140297,St Gregory's Catholic Academy,ST3 2QN
140298,St Maria Goretti Catholic Academy,ST2 0LY
140299,St Matthews Church of England Academy,ST3 7NE
140304,St Thomas More Catholic Academy,ST3 2NJ
140309,Matchborough First School Academy,B98 0GD
140355,St Jude's Church of England Primary Academy,WV6 0DT
140366,Ernesford Grange Community Academy,CV3 2QD
140371,Harris Church of England Academy,CV22 6EA
140372,Henry Hinde Junior School,CV22 7HN
140381,Veritas Primary Academy,ST18 0FL
140389,Radford Primary Academy,CV6 1HD
140400,Silverdale Primary Academy,ST5 6PB
140402,Springhill Primary Academy,WS7 4UN
140418,Wood End Primary School,CV9 2QL
140419,Queen's Church of England Academy,CV11 5LR
140462,Bentley Heath Church of England Primary School,B93 9AS
140463,Holy Trinity CE Primary Academy (Handsworth),B20 3LP
140464,Mordiford CofE Primary School,HR1 4LW
140470,Chesterton Community Sports College,ST5 7LP
140489,Norton Canes Primary Academy,WS11 9SQ
140490,Heath Hayes Primary Academy,WS12 2EP
140502,Leigh Primary School,B8 2YH
140518,Twickenham Primary School,B44 0NR
140522,Lark Hall Infant & Nursery Academy,B79 8EF
140523,Flax Hill Junior Academy,B79 8QZ
140524,Bishop Walsh Catholic School,B76 1QT
140525,Holy Cross Catholic Primary School,B76 2SP
140526,Marden Primary Academy,HR1 3EW
140528,St Joseph's Catholic Primary School,B75 6PB
140529,St Nicholas Catholic Primary School,B73 5US
140530,"Tudor Grange Primary Academy, Haselor",B49 6LU
140562,Saint Nathaniel's Academy,ST6 4JG
140617,Leominster Primary School,HR6 8JU
140633,The Excel Academy,ST1 6LG
140656,Alston Primary School,B9 5UN
140658,Berrybrook Primary School,WV10 8NZ
140694,St James' CofE Academy,CV12 9PF
140706,Cottesbrooke Infant and Nursery School,B27 6LG
140731,Tudor Grange Academy Redditch,B98 7UH
140733,Marston Green Infant Academy,B37 7AA
140792,Silvertrees Academy,DY4 8NH
140793,Wednesbury Oak Academy,DY4 0AR
140798,Wolverhampton Girls' High School,WV6 0BY
140802,St John Fisher Catholic College,ST5 2SJ
140803,St Mary's Catholic Primary School,ST5 2TA
140804,St Teresa's Catholic (A) Primary School,ST4 6SP
140805,St Thomas Aquinas Catholic Primary School,ST4 7DG
140856,St John's Church of England Primary Academy,WS10 9AR
140858,Havergal CofE (C) Primary School,WV10 7LE
140859,Norton-Le-Moors Primary Academy,ST6 8BZ
140863,The University of Birmingham School,B29 6QU
140868,Fairfield High School,HR2 0SG
140872,Sandon Primary Academy,ST3 7AW
140878,St Nicolas CofE Academy,CV11 6HJ
140889,Albert Bradbeer Primary Academy,B31 4RD
140890,Heathlands Primary Academy,B34 6NB
140921,St Pauls Church of England Academy,DY4 9BH
140922,Idsall School,TF11 8PD
140923,Smith's Wood Primary Academy,B36 0SZ
140932,Bengeworth CE Academy,WR11 3EU
140933,Hollymount School,WR4 9SG
140958,Eden Girls' School Coventry,CV1 4FS
140961,WMG Academy for Young Engineers,CV4 8DY
140995,Moorgate Primary Academy,B79 7EL
140996,Rowley Park Primary Academy,ST17 9RF
141000,Studley St Mary's CofE Academy,B80 7ND
141003,Jewellery Quarter Academy,B1 3AA
141058,Our Lady of Mount Carmel Catholic First School,B97 5RR
141063,St Augustine's Catholic High School,B97 5LX
141064,St Bede's Catholic Middle School,B98 7HA
141066,St Peter's Catholic First School,B61 7LH
141074,Woodhouse Academy,ST8 7DR
141104,Seva School,CV2 2TB
141105,Holy Trinity School,DY10 2BY
141169,Tenbury High Ormiston Academy,WR15 8XA
141176,Sir John Talbot's School,SY13 2BY
141180,Morville CofE (Controlled) Primary School,WV16 4RJ
141186,John Wheeldon Primary Academy,ST16 3LX
141203,Five Spires Academy,WS14 9AN
141206,Town Junior School,B72 1NX
141244,Budbrooke Primary School,CV35 8TP
141245,Wednesfield Academy,WV11 3ES
141246,Heronswood Primary School,DY10 4EX
141270,Hillstone Primary School,B34 7PY
141277,Lawrence Sheriff School,CV21 3AG
141278,Featherstone Academy,WV10 7AS
141280,Acorns Primary School,CV36 5LA
141281,Shipston-on-Stour Primary School,CV36 4BT
141292,Devonshire Junior Academy,B67 7AT
141293,Devonshire Infant Academy,B67 7AT
141298,St John's Church of England Academy,CV5 9HZ
141318,Bournville School,B30 1SH
141319,Wyndcliffe Primary School,B9 5BG
141320,Brownmead Primary Academy,B34 6SS
141325,The Crestwood School,DY6 8QG
141340,Stokesay Primary School,SY7 9NW
141342,Kinver High School and Sixth Form,DY7 6AA
141343,Wombourne High School,WV5 8BJ
141344,Three Peaks Primary Academy,B77 4HN
141346,Whitfield Valley Primary Academy,ST6 6TD
141368,Longlands Primary School,TF9 1QU
141405,Mill Hill Primary Academy,ST6 6ED
141410,All Saints National Academy,WS3 3LP
141412,Cutnall Green CofE Primary School,WR9 0PH
141413,St Ambrose Catholic Primary,DY10 1RP
141414,Hagley Catholic High School,DY8 2XL
141443,St Clement's CofE Primary,WR2 5NS
141444,St Wulstan's Catholic Primary School,DY13 8TX
141450,Glascote Academy,B77 2EA
141451,The Lacon Childe School,DY14 8PE
141477,St Joseph's RC Primary School,DY8 2DT
141484,Our Lady of Fatima Catholic Primary School,B17 8TR
141486,St Giles' and St George's Church of England Academy,ST5 2NB
141489,St Mary's RC Primary School,DY5 2TH
141493,Pye Green Academy,WS12 4RT
141570,Ellowes Hall Sports College,DY3 2JH
141610,Green Meadow Primary School,B29 4EE
141636,Cleobury Mortimer Primary School,DY14 8PE
141637,Clee Hill Community Academy,SY8 3NE
141648,Northwood Park Primary School,WV10 8DS
141668,Saltley Academy,B9 5RX
141669,St Columba's Catholic Primary School,B45 8TD
141670,St Joseph's Catholic Primary School,B30 1HN
141698,Q3 Academy Langley,B68 8ED
141699,Lawley Village Academy,TF4 2SG
141712,Ridgewood High School,DY8 3NQ
141732,Castle Primary School,ST7 4NE
141747,St Anne's Catholic Academy,CV10 0JX
141752,Ark Victoria Academy,B10 0HJ
141769,Corpus Christi Catholic Primary Academy,WV11 2LT
141770,Dilhorne Endowed CofE  Primary School,ST10 2PF
141775,Field View Primary School,WV14 7AE
141779,Gnosall St Lawrence Coe Primary Academy,ST20 0ET
141783,Haughton St Giles CofE Primary Academy,ST18 9ET
141789,Holy Rosary Catholic Primary Academy,WV1 2BS
141802,Our Lady and St Chad Catholic Academy,WV10 8BL
141812,St Benedict's Catholic Primary Academy,CV9 1PS
141813,Shireland Biomedical Utc,B70 8DJ
141815,St Brigid's Catholic Primary School,B31 5AB
141817,St Francis Catholic  Academy,CV12 8JN
141820,St James Catholic Primary School,B45 9BN
141822,St John's Primary Academy,WV11 2RF
141823,Our Lady & St. Joseph Catholic Academy,CV11 5TY
141825,St Martin's Church of England Primary School,WV14 8BS
141827,"St Mary's Catholic Primary Academy, Wolverhampton",WV10 8PG
141830,St Paul's Catholic Primary School,B38 9JB
141835,St Thomas Aquinas Catholic School,B38 8AP
141836,St Thomas More Catholic School and Sixth Form College,CV10 7EX
141837,St Werburgh's CE (A) Primary School,ST10 2BA
141848,The Valley Primary School,ST10 3DQ
141855,Woodloes Primary School,CV34 5DF
141856,Woodseaves CE Primary Academy,ST20 0LB
141858,Manor Primary School,WV14 9UQ
141922,St Francis Xavier Catholic Primary School,B69 4BA
141924,St Gregory's Catholic Primary School,B67 5HX
141926,Our Lady and St Hubert's Catholic Primary School,B68 8ED
141929,St Philip's Catholic Primary School,B66 3DU
141936,Rugby Free Primary School,CV23 0PD
141938,Sidney Stringer Primary Academy,CV1 5GU
141939,Finham Park 2,CV4 9WT
141969,"Eden Boys' School, Birmingham",B42 2SY
141977,Manor Park Primary Academy,B6 5UQ
141979,The Bromley-Pensnett Primary School,DY5 4PJ
141992,Cardinal Wiseman Catholic School,CV2 2AJ
142014,Silkmore Primary Academy,ST17 4EG
142015,The Orme Academy,ST5 9JU
142021,St Michael's Church of England Academy,CV12 9DA
142022,St Oswald's CofE Academy,CV22 7DJ
142039,Whittle Academy,CV2 2LH
142047,Beechwood Church of England Primary School,DY2 7QA
142067,Holy Trinity Academy,TF2 9SQ
142075,Lyndon School,B92 8EJ
142078,Knutton St Marys CofE Academy,ST5 6EB
142080,The Khalsa Academy Wolverhampton,WV4 6AP
142095,The Howard Primary School,B79 9DB
142096,The Richard Crosse CofE Primary School,DE13 7JE
142097,The St. Mary's CofE Primary School,WS15 3LN
142142,Bitterley CofE Primary School (Aided),SY8 3HF
142149,Leamington Hastings Church of England Academy,CV23 8EA
142153,Oldbury Wells School,WV16 5JD
142186,Ormiston Meridian Academy,ST3 7DF
142192,Blessed Mother Teresa's Catholic Primary School,ST17 9UZ
142193,Blessed William Howard Catholic School,ST17 9AB
142194,Sun Academy Bradwell,ST5 8JN
142195,Corpus Christi Catholic School,CV3 2QP
142197,Good Shepherd Catholic School,CV6 7FN
142202,North Leamington School,CV32 6RD
142203,Northfield Manor Primary Academy,B29 4JT
142205,Sacred Heart Catholic Primary School,CV2 4DW
142207,Smallthorne Primary Academy,ST6 1PR
142208,St Anne's Catholic Primary School,ST17 0EA
142209,St Austin's Catholic Primary School and Nursery,ST17 4BT
142210,St Dominic's Catholic Primary School,ST15 8YG
142211,St Gregory's Catholic Primary School,CV2 5AT
142212,St John Fisher Catholic Primary School,CV2 3NR
142213,St John's Catholic Primary School,ST18 0SL
142214,St Mary's Catholic Primary School,ST19 9BG
142215,St Patrick's Catholic Primary School,CV2 1EQ
142216,St Patrick's Catholic Primary School,ST16 3BT
142217,SS Peter and Paul Catholic Primary School,CV2 2EF
142219,Waverley School,B9 5QA
142230,Prince Albert Junior and Infant School,B6 5NH
142231,Heathfield Primary School,B19 1HJ
142244,Walsgrave Church of England Academy,CV2 2BA
142245,Clifford Bridge Academy,CV3 2PD
142275,Manifold Church of England Primary School,SK17 0JP
142276,Hollinsclough Church of England Academy,SK17 0RH
142277,Newcastle Academy,ST5 2QS
142278,Clayton Hall Academy,ST5 3DN
142285,The Telford Priory School,TF2 7AB
142312,Stottesdon CofE Primary School,DY14 8UE
142313,Kingsmead School,WS12 1DH
142317,Highfields School,WV4 4NT
142339,Barr's Hill School and Community College,CV1 4BU
142349,Elston Hall Primary School,WV10 6NN
142353,Jervoise School,B29 5QU
142355,Manor Way Primary Academy,B63 3HA
142358,Nonsuch Primary School,B32 3SE
142375,St Thomas CofE Academy,B15 2AT
142386,Wychall Primary School,B31 3EH
142388,Cockshut Hill School,B26 2HX
142421,Christ Church CofE First School,ST15 8EP
142422,Colwich CofE Primary School,ST17 0XD
142439,Oulton CofE First School,ST15 8UH
142442,St Andrew's CofE Primary School,ST18 0JN
142447,St Peter's CofE Primary School,ST18 0PS
142448,Tenbury CofE Primary School,WR15 8BS
142541,Abbeywood First School ,B98 9LR
142543,Church Hill Middle School,B98 9LR
142570,Highfield Junior and Infant School,B8 3QF
142575,Buildwas Academy,TF8 7DA
142581,Stratford-Upon-Avon Primary School,CV37 6HN
142594,Pool Hayes Academy,WV12 4QZ
142640,Kingsland CofE Academy,ST2 9AS
142642,New Ford Academy,ST6 1PY
142643,Packmoor Ormiston Academy,ST7 4SP
142679,Dunstall Hill Primary School,WV6 0NH
142680,Grove Primary Academy,WV2 1HZ
142684,Palmers Cross Primary School,WV6 9DF
142686,Aston Tower Community Primary School,B6 5BE
142696,Churnet View Middle School,ST13 6PU
142700,Finham Primary School,CV3 6EJ
142705,Grange Park Primary School,TF3 1ET
142706,Great Witley CofE Primary School,WR6 6HR
142711,Leek High School,ST13 6EU
142748,Thomas Russell Infants School,DE13 8DS
142755,Westwood College,ST13 8NP
142765,Lodge Farm Primary School,WV12 4BU
142769,Horninglow Primary: A de Ferrers Trust Academy,DE13 0SW
142785,Dawley Church of England Primary Academy,TF4 3AL
142792,Eton Park Junior: A de Ferrers Trust Academy,DE14 2SG
142794,Gossey Lane Academy,B33 0DS
142799,Lansdowne: A de Ferrers Trust Academy,DE14 2RE
142809,Yoxall St Peter's CofE Primary School,DE13 8NF
142821,Charlton School,TF1 3FA
142823,Bushbury Lane Academy,WV10 9TR
142843,Hempstalls Primary School,ST5 9LH
142858,Yew Tree Community Junior and Infant School (NC),B6 6RX
142881,Rugby Free Secondary School,CV22 5PE
142888,"The Olive School, Birmingham",B11 3EY
142900,WMG Academy for Young Engineers (Solihull),B37 5FD
142960,Lyng Hall School,CV2 3JS
142964,Colley Lane Primary Academy,B63 2TN
142979,Streetsbrook Infant and Early Years Academy,B90 3LB
142980,Codsall Middle School,WV8 1PB
142981,Barnfields Primary School,ST17 4RD
142982,St Peter's Church of England Primary Academy,WS9 9EE
142983,Sir Graham Balfour High School,ST16 1NR
142984,Ellison Primary Academy,ST5 0BL
142985,Leasowes Primary School,ST17 0HT
142986,St Nicholas Church of England First School,WV8 1AN
142987,Walton High School,ST17 0LJ
142988,Summerbank Primary Academy,ST6 5HA
142989,Park Hall Academy,ST3 5QU
142990,Ash Green Primary Academy,ST4 8BX
142991,Gladstone Primary Academy,ST3 5EW
142992,Goldenhill Primary Academy,ST6 4QE
143012,Greenways Primary Academy,ST9 9NY
143051,Damson Wood Nursery and Infant School,B92 9LX
143086,Conway Primary School,B11 1NS
143087,The Oval School,B33 8JG
143088,Cedars Academy,B27 6JL
143089,Firs Primary School,B36 8LL
143090,Greet Primary School,B11 3ND
143091,Topcliffe Primary School,B35 6BS
143101,"The Royal School, Wolverhampton",WV3 0EG
143142,St Martins School (3-16 Learning Community),SY10 7BD
143151,Hill Avenue Academy,WV4 6PY
143152,East Park Academy,WV1 2DS
143177,Stanton Bridge Primary School,CV6 5TY
143195,Tenterfields Primary Academy,B63 3LH
143196,Hob Green Primary School,DY9 9EX
143322,Summerhill Primary Academy,DY4 9PF
143323,Prees CofE Primary School,SY13 2ER
143325,Whixall CofE Primary School,SY13 2SB
143326,Ellesmere Primary School,SY12 9EU
143345,Chesterton Primary School,ST5 7NT
143347,St James Church of England Primary Academy,WS15 4PL
143348,St John's CofE Primary Academy,ST16 3RZ
143349,Crackley Bank Primary School,ST5 7BE
143350,Meir Heath Academy,ST3 7JQ
143351,Bishop Lonsdale Church of England Primary Academy,ST21 6AU
143352,St Wulstan's Catholic Primary School,ST5 0EF
143353,Perton Primary Academy,WV6 7PS
143355,Parkside Primary School,ST16 1TH
143356,Weston Junior Academy,ST3 6NG
143358,Weston Infant Academy,ST3 6PT
143393,St Bartholomew's Church of England Primary School,WV4 5LG
143394,Cranham Primary School,WR4 9LS
143395,Bredon Hill Academy,WR11 7SW
143396,Northwick Manor Primary School,WR3 7EA
143397,St Peter's Droitwich CofE Academy,WR9 7AN
143413,Erdington Academy,B24 8RE
143416,Carnforth School,WR4 9HG
143417,Fibbersley Park Academy,WV13 3BB
143433,Stirchley Primary School,B30 2JL
143434,St Francis Church of England Aided Primary School and Nursery,B30 1LZ
143435,Fortis Academy,B44 8NU
143436,Princethorpe Infant School,B29 5QB
143437,Audley Primary School,B33 9HY
143438,Dame Elizabeth Cadbury School,B30 1UL
143439,Quinton Church Primary School,B32 1AJ
143454,Burley Gate CofE Primary School,HR1 3QR
143455,St Michael's CofE Primary School,HR1 3JU
143483,Ankermoor Primary Academy,B77 3NW
143484,Hamilton Academy,ST1 6NW
143485,Alexandra Junior School,ST3 7JG
143486,Northwood Broom Academy,ST1 6QA
143487,Jackfield Infant School,ST6 1ET
143488,Moorpark Junior School,ST6 1EL
143489,Alexandra Infants' School,ST3 4PZ
143497,Stockton Primary School,CV47 8JE
143507,Alvechurch CofE Middle School,B48 7TA
143508,Stourport Primary Academy,DY13 8SH
143535,Hearsall Community Academy,CV5 6LR
143537,Hurst Hill Primary School,WV14 9AJ
143547,Thursfield Primary School,ST7 4JL
143548,Alveley Primary School,WV15 6JT
143562,King Edward VI Handsworth Grammar School for Boys,B21 9ET
143563,Cromwell Junior and Infant School,B7 5BA
143582,Leasowes High School,B62 8PJ
143622,Waterhouses CofE Primary Academy,ST10 3HY
143631,St Mary's Catholic Primary School,B95 5LT
143632,Our Lady's Catholic Primary School,B49 6AG
143633,St Gregory's Catholic Primary School,CV37 6UZ
143634,St Benedict's Catholic High School,B49 6PX
143636,St Mary's Catholic Primary School,WR11 4EJ
143638,St Mary's Catholic Primary School,WR12 7DZ
143663,Henhurst Ridge Primary Academy,DE13 9TQ
143707,Houlton School,CV23 1ED
143779,Parkgate Primary School,CV6 4GF
143780,Keresley Grange Primary School,CV6 2EH
143782,Lapal Primary School,B62 0BZ
143783,Lutley Primary School,B63 1BU
143801,Ludlow Primary School,SY8 1HX
143805,St Edward's CofE Academy Cheddleton,ST13 7HP
143813,Edward the Elder Primary School,WV11 3DB
143814,Offenham Church of England First School,WR11 8SD
143816,The Littletons Church of England Academy,WR11 8TL
143818,Thorns Collegiate Academy,DY5 2NU
143821,Woodside Primary School and Nursery,DY2 0SN
143822,Ham Dingle Primary Academy,DY9 0UN
143829,St Benedict Biscop CofE Primary School,WV5 9DZ
143833,St Bartholomew's CofE VC Primary School,DY13 0EL
143869,Hodge Hill Primary School,B36 8LD
143895,Smith's Wood Academy,B36 0UE
143896,Tynsel Parkes Primary Academy,ST14 7HE
143898,Littleton Green Community School,WS12 4UD
143899,Chase Terrace Academy,WS7 2DB
143900,Boney Hay Primary Academy,WS7 2PF
143904,Caldmore Primary Academy,WS1 3RH
143905,Southam College,CV47 0JW
143906,Southam Primary School,CV47 0QB
143908,Chandos Primary School,B12 0YN
143942,Canterbury Cross Primary School,B20 3AA
143943,Westminster Primary School,B20 3PN
143952,Picknalls First School,ST14 7QL
143959,All Saints' CofE First School,ST10 4SR
143974,Eastnor Parochial Primary School,HR8 1RA
143983,Hutchinson Memorial CofE First School,ST10 4NB
144002,Thomas Alleyne's High School,ST14 8DU
144007,Windsor Park CE Middle School,ST14 7JX
144064,Courthouse Green Primary School,CV6 7JJ
144071,St Gabriel's CofE Academy,CV23 1AN
144078,Dudley Wood Primary School,DY2 0DB
144079,Netherbrook Primary School,DY2 9RZ
144080,Kates Hill Primary School,DY2 7HP
144201,Burford CofE Primary School,WR15 8AT
144202,Greenfields Primary School,SY1 2AH
144203,Radbrook Primary School,SY3 6DZ
144206,Penkridge Middle School,ST19 5BW
144207,Co-op Academy Friarswood,ST5 2ES
144210,St Mary's Church of England Primary School,ST6 5DE
144242,Bishops Itchington Primary School,CV47 2RN
144251,St Stephen's Church of England Primary School,WV10 0BB
144252,Goldthorn Park Primary School,WV4 5ET
144253,Parkfield Primary School,WV4 6HB
144256,Kempsey Primary School,WR5 3NT
144257,St Nicholas' CofE Middle School,WR10 2ER
144258,Malvern Parish CofE Primary School,WR14 3BB
144259,Madresfield CofE Primary School,WR13 5AA
144260,Pinvin CofE First School,WR10 2ER
144261,Hartlebury CofE Primary School,DY11 7TD
144262,Hanley Swan St Gabriel's with St Mary's CofE Primary School,WR8 0EQ
144278,Moreton School,WV10 8BY
144301,Olive Hill Primary Academy,B62 8JZ
144306,Tile Cross Academy,B33 9UF
144334,St Barnabas CofE First and Middle School,WR10 2AW
144335,Crowle CofE First School,WR7 4AT
144337,Bordesley Village Primary School,B9 4NG
144367,Baxter College,DY11 5PQ
144386,Churchfield CofE Primary Academy,WS15 2LB
144390,Turves Green Primary School,B31 4BP
144418,Netherton CofE Primary School,DY2 0HU
144434,Mount Pleasant Primary,SY1 3BY
144435,Ludlow Church of England School,SY8 1GJ
144439,Seabridge Primary School,ST5 3PJ
144441,Milton Primary Academy,ST2 7AF
144456,St Oswald's CofE Primary School,DY10 2YL
144457,Orchard Primary School,WR10 1ET
144460,Holy Trinity Church of England Primary Academy and Nursery,SY11 2LF
144464,Small Heath Leadership Academy,B10 9RX
144498,Chadsmead Primary Academy,WS13 7HJ
144499,North Walsall Primary Academy,WS2 7BH
144558,Trentham Academy,ST4 8PQ
144580,The Lyppard Grange Primary School,WR4 0DZ
144586,Norton Juxta Kempsey CofE Primary School,WR5 2QJ
144591,St Saviour's CofE Academy,ST7 1LW
144592,Stoke Minster CofE Primary Academy,ST4 4EE
144604,Gentleshaw Primary Academy,WS15 4LY
144630,Holyhead Primary Academy,WS10 7PZ
144635,Rounds Green Primary School,B69 2DP
144648,Heathcote Primary School,CV34 7AP
144650,Birchen Coppice Academy,DY11 7JJ
144657,St James Academy,DY1 3JE
144696,Grove Academy,ST1 2NL
144719,Holy Trinity Catholic School,B10 0AX
144721,John Willmott School,B75 7DY
144722,Springfield Primary Academy,B13 9NY
144800,Wilden All Saints CofE Primary School,DY13 9LP
144848,Coleham Primary School,SY3 7EN
144853,Hadley Learning Community - Secondary Phase,TF1 5NU
144859,Inkberrow Primary School,WR7 4HH
144935,Birches First School,WV8 2JG
144942,Hadley Learning Community - Primary Phase,TF1 5NU
144952,The Link Academy,DY2 0PB
144983,Tilstock CofE Primary and Nursery,SY13 3JL
144988,Great Wyrley Academy,WS6 6LQ
144989,Bird's Bush Primary School,B77 2NE
144998,St George's CofE School,DY10 2BX
144999,St John's CofE Primary School,DY11 6AP
145000,Badsey First School,WR11 7ES
145001,Bretforton Village School,WR11 7JS
145008,Ormiston SWB Academy,WV14 0LN
145019,Kingsbury School - A Specialist Science and Mathematics Academy,B78 2LF
145047,Sir Thomas Boughey Academy,ST7 8AP
145048,Great Wood Community Primary School,ST10 4LE
145053,Bishop Rawle CofE Primary School,ST10 1QA
145097,William Shrewsbury Primary School,DE13 0HE
145098,The Meadows Primary School,CW3 9JX
145099,Outwoods Primary School,DE13 0AS
145100,John of Rolleston Primary School,DE13 9AG
145114,Coppice Performing Arts School,WV11 2QE
145120,Lordswood Boys' School,B17 8BJ
145134,Ormiston NEW Academy,WV10 6SE
145176,Brewood Middle CofE Academy,ST19 9DS
145179,Stoke Park School,CV2 4JW
145202,Castlefields Primary School,WV16 5DQ
145214,Leigh Church of England Academy,CV4 9RQ
145218,Rykneld Primary School,DE14 3EX
145221,St Leonard's CofE Primary School,WV16 4HL
145275,Condover CofE Primary School,SY5 7AA
145288,Trinity CofE Primary Academy,WV10 0UB
145300,St Edward's CofE Primary School,SY5 7JL
145305,Priory Primary School,DY1 4AQ
145375,Ryecroft CofE Middle School,ST14 5PB
145376,Oldfields Hall Middle School,ST14 7PL
145377,Grange School,DE14 2HU
145378,Marshbrook First School,ST19 5BA
145379,Princefield First School,ST19 5EP
145380,St John's CofE First School,ST19 9AH
145381,Wolgarston High School,ST19 5RX
145391,Burton Green Church of England Academy,CV8 1QB
145392,All Saints Church of England Academy,CV35 7QR
145393,Rokeby Primary School,CV22 5PE
145395,Deyncourt Primary School,WV11 1DD
145396,St Thomas' Church of England Primary Academy,WV11 3TG
145414,Dosthill Primary School,B77 1LQ
145415,Salford Priors CofE Academy,WR11 8XD
145459,Richard Wakefield CofE Primary Academy,DE13 9NR
145483,Foley Park Primary Academy,DY11 7AW
145538,Scotch Orchard Primary School,WS13 6DE
145575,Bilton School,CV22 7JT
145580,Arena Academy,B42 2PY
145593,The Pedmore High School,DY9 7HS
145672,Bishops Castle Primary School,SY9 5PA
145673,"St George's CofE Academy, Clun",SY7 8JQ
145679,St Peter's CofE Academy Alton,ST10 4AW
145680,Charnwood Primary Academy,WS13 7PH
145681,All Saints CofE Academy Denstone,ST14 5HT
145682,St Augustine's CofE Academy,DE6 5BY
145683,St Peter's CofE Primary Academy,WS12 1BE
145684,Hazel Slade Primary Academy,WS12 0PN
145685,Longford Primary Academy,WS11 1PD
145686,Lakeside Primary School,B77 2SA
145687,Our Lady and St Werburgh's Catholic Primary School,ST5 4AG
145691,Sneyd Academy,ST6 2NS
145707,Ercall Wood Academy,TF1 2DT
145711,Coughton CofE Primary School,B49 5HN
145712,Temple Grafton CofE Primary School,B49 6NU
145715,Villiers Primary School,WV14 6PR
145745,Windmill Primary School,TF3 1LG
145747,St Alban's Church of England Primary Academy,WV11 2PF
145788,Market Drayton Junior School,TF9 3HU
145789,The Wilfred Owen School,SY2 5SH
145790,St Peter's CofE Primary School,SY4 5BX
145791,Woodfield Infant School,SY3 8LU
145792,Market Drayton Infant & Nursery School,TF9 3BA
145793,Greenacres Primary School,SY1 3QG
145794,Shobnall Primary & Nursery School,DE14 2BB
145833,St Luke's CofE Academy Endon,ST9 9EB
145834,Stoneydelph Primary School,B77 4LS
145836,Nunnery Wood Primary School,WR5 1QE
145837,Castlemorton Church of England Primary School,WR13 6BG
145838,Powick CofE Primary School,WR2 4RT
145853,Kingsway Community Primary School,CV31 3HB
145878,"Eden Boys' Leadership Academy, Birmingham East",B8 3DT
145889,John Taylor Free School,DE13 9SA
146026,Redhill Primary Academy,TF2 9GZ
146027,Wychbold First and Nursery School,WR9 7PU
146074,Wolverley Sebright Primary Academy,DY11 5TP
146075,Birchfield Primary School,B6 6AJ
146085,Winshill Village Primary and Nursery School,DE15 0DH
146107,St Margaret's Church of England Primary School,B92 7RR
146124,Archbishop Ilsley Catholic School,B27 7XY
146126,Horton St Michael's CofE First School,ST13 8RU
146130,William MacGregor Primary School,B77 2AF
146146,Meole Brace School,SY3 9DW
146149,Long Itchington CofE Academy,CV47 9QP
146151,Southam St James CofE Academy,CV47 1EE
146155,Christ Church CofE Primary Academy,ST4 2JG
146171,Coleshill Church of England Primary School,B46 3LL
146183,St George's Junior School,SY3 8LU
146194,Woodthorne Primary School,WV6 8XL
146199,Keresley Newland Primary Academy,CV7 8JZ
146235,Blessed Robert Sutton Catholic Voluntary Academy,DE15 9SD
146266,Holy Rosary Catholic Voluntary Academy,DE15 0JE
146268,St Mary and St John Junior and Infant School,B23 7NB
146294,Needwood CofE Primary School,DE13 8SU
146295,All Saints CofE (C) Primary School,DE13 9RW
146298,St Peter and St Paul RC Junior and Infant School,B24 9ND
146358,Tameside Primary Academy,WS10 0EZ
146379,Tudor Grange Academy Kingshurst,B37 6NU
146383,Q3 Academy Tipton,DY4 7NR
146385,City Road Primary School,B16 0HL
146393,Richard Lee Primary School,CV2 5FU
146426,Whitchurch CofE Infant and Nursery Academy,SY13 1RJ
146427,St Mary's CofE First Academy,ST19 9PQ
146432,Whitchurch CofE Junior Academy,SY13 1RX
146433,Burlish Park Primary School,DY13 8LA
146434,Newtown Primary School,B70 0ES
146436,Foxford Community School,CV6 6BB
146437,Brookfields Primary School,B18 6PU
146443,Cheslyn Hay Academy,WS6 7JQ
146452,Stanley Road Primary School,WR5 1BD
146457,Curdworth Primary School,B76 9HF
146459,Forest Park Primary School,ST1 5ED
146464,Etruscan Primary School,ST1 4BS
146465,St Mark's CofE Primary School,ST1 4LR
146466,Oakhill Primary School,ST4 5NS
146473,The Meadows Primary Academy,ST3 3AZ
146487,Abbey Hulton Primary School,ST2 8BS
146493,Nether Stowe School,WS13 7NB
146506,Belvidere School,SY2 5LA
146509,Mary Webb School and Science College,SY5 0TG
146513,Two Gates Primary School,B77 1EN
146580,The Grove School,TF9 1HF
146589,Beresford Memorial CofE First School,ST13 6NR
146590,Leek First School,ST13 6LF
146594,Rushton CofE First School,SK11 0SG
146605,Foley Infant School Academy,DY7 6EW
146609,Brindley Heath Junior School Academy,DY7 6AA
146612,All Saints CofE First School,ST13 5QY
146623,Westwood First School,ST13 8DL
146635,Kidsgrove Secondary School,ST7 4DL
146636,Kidsgrove Primary School,ST7 4DL
146667,Honeywell Primary School,WR2 5QH
146678,Welland Primary School,WR13 6NE
146691,Temple Herdewyke Primary School,CV47 2UD
146693,Ulverley School,B92 8RZ
146696,Colmers Farm Primary School,B45 9PB
146697,Kenilworth School and Sixth Form,CV8 2DA
146699,Birchensale Middle School,B97 6HT
146701,Marlborough Primary School,B10 9NY
146719,Holyoakes Field First School,B97 6HF
146722,Yenton Primary School,B24 0ED
146749,Sutton Park Primary School,DY11 6PH
146754,St George's CofE First School and Nursery,B98 8LU
146785,Busill Jones Primary School,WS3 2QF
146807,All Saints' CofE  Primary School,WV5 7HR
146814,Redbrook Hayes Community Primary School,WS15 1AU
146817,Princethorpe Junior School,B29 5QB
146863,Anson CofE Primary School,ST18 0SU
146873,Knypersley First School,ST8 6NN
146874,Oxhey First School,ST8 7EB
146897,Lower Heath CofE Primary School,SY13 2BT
146904,Kingsfield First School,ST8 6AY
146907,The Friary School,WS13 7EW
146910,Henry Chadwick Primary School,WS15 3QN
146914,James Bateman Middle School,ST8 7AT
146918,Manor Hill First School,ST15 0HY
146943,The Reginald Mitchell Primary School,ST7 1NA
147009,Holy Souls Catholic Primary School,B27 6BN
147017,St Thomas More Catholic Primary School,B26 3HU
147078,Lower Farm Academy,CV10 0FG
147082,Poppyfield Primary Academy,WS12 4RY
147085,Streethay Primary School,WS13 8FT
147090,Tudor Grange Primary Academy Meon Vale,CV37 8QR
147103,Blackshaw Moor CofE First School,ST13 8TW
147106,Mereside Church of England Primary Academy,SY2 6LE
147109,Sacred Heart Catholic School,B20 3AE
147111,Sutton Park Primary,B73 6UE
147113,The King's Church of England School,WV6 8XG
147121,Pearl Hyde Community Primary School,CV2 2NB
147155,Northfield Road Primary School,DY2 9ER
147163,St Bernadette's Catholic Primary School,WS8 6HX
147164,Stockingford Academy,CV10 8JH
147165,St Stephen's CofE First School,B98 8HW
147182,West Bromwich Collegiate Academy,B70 7LE
147190,North Worcester Primary School ,WR3 7NS
147191,Shireland Technology Primary School,B66 4ND
147201,"Eden Girls'  Leadership Academy, Birmingham",B10 9HH
147228,The Woodlands Community Primary School,B77 3JX
147279,St Mary and St Chad CofE First School,ST19 9DT
147284,Northleigh CofE Primary School,WR14 1QS
147299,Burton Fields School,DE14 2PJ
147341,St Elizabeth's Catholic Primary School,CV6 5BX
147342,St John Vianney Catholic Primary School,CV5 7GX
147343,St Augustine's Catholic Primary School,CV6 3BL
147344,St Thomas More Catholic Primary School,CV3 5DE
147345,Bishop Ullathorne Catholic School,CV3 6BH
147346,Cardinal Newman Catholic School,CV6 2FR
147364,Tudor Grange Primary Academy Yew Tree,B91 2SD
147367,St Anthony's Catholic Primary Academy,WV10 6NW
147406,St Weonard's Academy,HR2 8NU
147421,Woodcroft Academy,ST13 8JG
147422,St Paul's CofE First School,WV9 5AD
147423,St Leonard's CofE First School,ST18 9AG
147424,Etching Hill CofE Primary Academy,WS15 2XY
147425,Church Eaton Primary School,ST20 0AG
147432,Kineton High School,CV35 0JX
147437,Christ The King Catholic Primary School,CV6 2DJ
147438,Dove CofE Academy,ST14 5PB
147440,King Edward VI Balaam Wood Academy,B45 0EU
147449,"All Saints CofE Primary School, Bednall",ST17 0SD
147452,"The Olive School, Small Heath",B10 0EG
147478,Saint Barnabas Church of England Primary School,B24 9BY
147480,Pheasey Park Farm Primary School and Early Years Centre,B43 7DH
147497,Broadheath CofE Primary School,WR2 6QT
147498,Callow End CofE Primary School,WR2 4TE
147499,Martley CofE Primary School,WR6 6QA
147508,The Thomas Adams School,SY4 5UB
147528,Woodfield Primary School,WV4 4AG
147539,Grange Primary School,SY1 3QR
147540,Shrewsbury Academy ,SY1 4LL
147550,Oldbury Park Primary School,WR2 6AA
147568,St Marys CofE Primary School,SY4 4JR
147569,Edge Hill Academy,DE15 9NX
147570,Wilnecote Junior Academy,B77 5LA
147571,Heathfields Infant Academy,B77 5LU
147572,St John's CofE Primary School,ST9 0BN
147574,Paulet High School,DE15 9RT
147579,Wrekin View Primary School,TF1 3ES
147630,St Patrick's Catholic Primary Academy,WV11 1PG
147642,Lillington Primary School,CV32 7AG
147669,Abbey Catholic Primary School,B23 6QL
147707,St Edmund Campion Catholic School,B23 5XA
147708,Blowers Green Primary School,DY2 8UZ
147714,St Thomas More Catholic First School,B98 7RY
147721,Wallbrook Primary Academy,WV14 8YP
147757,Starbank School,B10 9BT
147758,Osborne Primary School,B23 6TY
147761,Upper Arley CofE Primary School,DY12 1XA
147795,St Mary's Catholic Primary School,WS10 9PN
147796,Brownhills Ormiston Academy,WS8 7QG
147826,Coton Green Primary School,B79 8LX
147830,Oakmeadow Church of England Primary and Nursery School,SY3 0NU
147881,Stuart Bathurst Catholic High School,WS10 9QS
147903,St Matthias Church of England Primary School,WR14 1NA
148002,Endon High School,ST9 9EE
148061,Forest Hills Primary School,WS15 2PD
148081,Guardian Angels Catholic Primary School,B34 7HN
148082,Our Lady's Catholic Primary School,B33 0AU
148083,St Wilfrid's Catholic Junior and Infant School,B36 8LY
148084,Lady Katherine Leveson Church of England Primary School,B93 0AN
148085,Our Lady of the Wayside Catholic Primary School,B90 4AY
148086,St Andrew's Catholic Primary School,B92 8QL
148087,St Augustine's Catholic Primary School,B91 3NZ
148088,St George and St Teresa Catholic Primary School,B93 8PA
148089,Our Lady of Compassion Catholic Primary School,B92 7EG
148090,St Anthony's Catholic Primary School,B37 6LW
148092,St Anne's Catholic Primary School,B37 5DP
148093,St John the Baptist Catholic Primary School,B36 0QE
148094,St Peter's Catholic School,B91 3NZ
148114,Tudor Grange Primary Academy Perdiswell,WR3 8QA
148115,Feckenham CofE Primary School,B96 6QD
148121,Waterside Primary School,ST1 3JS
148122,Castlechurch Primary School,ST17 9SY
148125,St Edward's Catholic Primary School,B46 3JE
148140,Arrow Valley First School,B98 0LH
148182,Foxyards Primary School,DY4 8BH
148183,Cherry Orchard Primary School,WR5 2DD
148187,City Academy,B15 2EF
148219,Co-Op Academy Clarice Cliff,ST4 3DP
148220,Birches Head Academy,ST2 8DD
148266,St John Fisher Catholic Primary School,B31 3PN
148267,Perryfields Academy,B68 0RG
148285,Little Aston Primary Academy,B74 3BE
148314,Crudgington Primary School,TF6 6JF
148316,Greysbrooke Primary School,WS14 0LT
148318,St Christophers Catholic Primary Academy,WV8 1PF
148319,All Saints Bedworth CofE Academy,CV12 9HP
148329,Witton Middle School,WR9 8BD
148333,Lightwoods Primary Academy,B68 9BG
148338,The De Montfort School,WR11 1DQ
148340,Hateley Heath Academy,B71 2RP
148362,Trinity Catholic School,CV32 6NB
148364,Blackwood School,B74 3PH
148386,The Orchards School,B61 8QN
148401,St Thomas' CofE Primary Academy,ST7 4HT
148402,The King's CofE Academy,ST7 1DP
148429,Meadow Park School,CV3 4BD
148439,The Rosary Catholic Primary School,B8 3SF
148440,St Chad's Catholic Primary School,B19 3XD
148441,St Joseph's Catholic Primary School,B7 5HA
148505,Clive CofE Primary School,SY4 3LF
148506,The Richard Clarke First School,WS15 3BT
148507,Werrington Primary School,ST9 0JU
148508,Moorside High School,ST9 0HP
148511,Studley Infants' School,B80 7HJ
148512,Tysoe CofE Primary School,CV35 0SD
148513,Wellesbourne CofE Primary School,CV35 9QG
148514,Wootton Wawen CofE Primary School,B95 6AY
148515,The Ferncumbe CofE Primary School,CV35 7EX
148517,Langdale Primary School,ST5 3QE
148521,Turves Green Boys' School,B31 4BS
148533,Charter Academy,CV4 8DW
148535,St John Bosco Catholic Primary School,B71 2ST
148540,Anker Valley Primary Academy,B79 0FD
148553,Prince Albert High School,B42 2TU
148589,"Christ Church, Church of England Secondary Academy",B14 4HN
148603,Alderman's Green Primary School,CV2 1PP
148676,Brailes Church of England Primary School,OX15 5AP
148684,King Edward VI Northfield School for Girls,B31 4BP
148685,Rufford Primary School,DY9 7NR
148716,St Peter's Bratton Church of England Academy,TF5 0NT
148718,Highfields Primary Academy,WS7 9BT
148720,Alsagers Bank Primary Academy,ST7 8BB
148748,St Michael's CofE (C) Primary School,WS14 9AN
148749,St Chad's CofE Primary School,WS13 6SN
148864,Church of the Ascension CofE Primary School,DY6 9AH
148865,Christ Church CofE Primary School,WV14 8YB
148887,Birches Green Junior School,B24 9SR
148906,Brownhills West Primary School,WS8 7LA
148937,St Mary's CofE Primary School,DY6 7AQ
148938,Pedmore CE Primary School,DY9 0RH
148955,Moreton Morrell CofE Primary School,CV35 9AN
148956,Camp Hill Primary School,CV10 9QA
148973,St Mark's Catholic Primary School,B42 1NU
149000,Redhill Primary School,WS11 5JR
149001,Moorhill Primary School,WS11 5RN
149042,BOA Digital Technologies Academy,B7 4EU
149049,Birches Green Infant School,B24 9SR
149079,Bramshall Meadows First School,ST14 5EQ
149081,Fradley Park Primary and Nursery School,WS13 8TW
149128,Ridgeway Primary Academy,WS7 4TU
149131,Kings Norton Junior and Infant School,B30 3EU
149155,King Solomon International Business School,B7 4AA
149166,Manor Primary Academy,B78 3TX
149167,Kineton Church of England Primary School,CV35 0HS
149221,Sledmere Primary School,DY2 8EH
149258,St Peter's Primary School,HR7 4UY
149284,Moat Hall Primary Academy,WS6 6BX
149291,Harbury CofE Primary School,CV33 9HR
149303,English Martyrs Catholic Primary School,CV21 4EE
149304,Far Forest Lea Memorial CofE Primary School,DY14 9TQ
149305,Holland House Infant School and Nursery,B72 1RE
149306,Newbold and Tredington CofE Primary School,CV36 4NZ
149308,Our Lady and St Teresa's Catholic Primary School,CV32 7LN
149309,Lantern Academy,TF2 0AZ
149310,St Augustine's Catholic Primary School,CV8 2JY
149315,St Marie's Catholic Primary School,CV22 7AF
149316,St Mary's Catholic Primary School,B80 7QU
149323,Bredenbury Primary School,HR7 4TF
149328,King Edward VI High School,ST17 9YJ
149366,Heath Mount Primary School,B12 9SR
149376,Blythe Bridge High School,ST11 9PW
149407,Moat Farm Junior School,B68 9QR
149420,Bhylls Acre Primary School,WV3 8DZ
149421,Whittington Primary and Nursery School,WS14 9LG
149422,Holly Grove Primary Academy,WS7 1LU
149437,Ridgeway Secondary School,B96 6BD
149476,Rushwick CofE Primary School,WR2 5SU
149483,Highters Heath Community School,B14 4LY
149489,Castle Bromwich Junior School,B36 0HD
149490,Castle Bromwich Infant and Nursery School,B36 0BX
149491,Windy Arbor Primary School,B37 6RN
149492,Fordbridge Community Primary School,B37 5BU
149508,Tipton Green Junior School,DY4 8PR
149515,Leigh and Bransford Primary School,WR13 5DX
149544,Queen Victoria Primary School,DY3 1JB
149553,Oak Meadow Primary School,WV11 2QQ
149585,Tillington Manor Primary School,ST16 1PW
149608,Greenfield Primary School,WS4 1PL
149635,Smestow Academy,WV3 8HU
149639,Green Lea First School,ST18 0EU
149649,Much Wenlock Primary School,TF13 6JG
149872,The Oaks Primary School,B14 5RY
